LSOA,Av PTAI,Av PTAL
E01001072,0.0939535,1a
E01004117,0.203936,1a
E01002438,0.234229,1a
E01002391,0.255038,1a
E01000720,0.283715,1a
E01002296,0.383079,1a
E01002430,0.393149,1a
E01002561,0.410665,1a
E01000254,0.416939,1a
E01000748,0.431242,1a
E01002454,0.484808,1a
E01002344,0.502387,1a
E01000749,0.513225,1a
E01000680,0.530515,1a
E01004114,0.553586,1a
E01001412,0.557552,1a
E01002385,0.568917,1a
E01000619,0.573168,1a
E01002147,0.591004,1a
E01002190,0.642258,1a
E01002304,0.652605,1a
E01000383,0.669651,1a
E01002259,0.679123,1a
E01004108,0.70135,1a
E01002441,0.703808,1a
E01002348,0.72249,1a
E01000654,0.758001,1a
E01003790,0.767954,1a
E01002305,0.780234,1a
E01002533,0.780806,1a
E01000228,0.784351,1a
E01002276,0.797413,1a
E01003806,0.814707,1a
E01002146,0.824964,1a
E01000656,0.826279,1a
E01003640,0.862879,1a
E01000689,0.863117,1a
E01002389,0.886875,1a
E01000728,0.890819,1a
E01002473,0.916384,1a
E01001417,0.934306,1a
E01000747,0.953159,1a
E01002461,0.958569,1a
E01004576,0.959055,1a
E01000188,0.965307,1a
E01001017,0.969248,1a
E01004395,0.993123,1a
E01002334,1.01251,1a
E01003817,1.02615,1a
E01002324,1.03581,1a
E01003460,1.04188,1a
E01001422,1.04849,1a
E01002520,1.06314,1a
E01001131,1.06575,1a
E01000430,1.08352,1a
E01001320,1.09872,1a
E01001483,1.10342,1a
E01002330,1.10655,1a
E01000759,1.10754,1a
E01002131,1.12776,1a
E01002442,1.13302,1a
E01002678,1.13386,1a
E01003805,1.14655,1a
E01000750,1.15846,1a
E01001021,1.16252,1a
E01001121,1.16802,1a
E01003580,1.1796,1a
E01001407,1.19832,1a
E01002440,1.20506,1a
E01002271,1.23927,1a
E01000253,1.24772,1a
E01003726,1.26168,1a
E01001404,1.31026,1a
E01000381,1.31257,1a
E01001326,1.32225,1a
E01002394,1.33455,1a
E01001101,1.34087,1a
E01001325,1.35507,1a
E01033151,1.38765,1a
E01002268,1.38906,1a
E01003907,1.4112,1a
E01002507,1.41808,1a
E01002252,1.41839,1a
E01002601,1.42685,1a
E01000688,1.44143,1a
E01001104,1.44393,1a
E01000290,1.44564,1a
E01001105,1.45896,1a
E01002114,1.45969,1a
E01002144,1.4628,1a
E01002494,1.48172,1a
E01000279,1.48834,1a
E01000466,1.49425,1a
E01002286,1.50373,1a
E01001335,1.51441,1a
E01000195,1.52346,1a
E01002948,1.52832,1a
E01003664,1.53461,1a
E01003878,1.53707,1a
E01004085,1.54367,1a
E01002155,1.54969,1a
E01003837,1.55996,1a
E01001339,1.56025,1a
E01001070,1.57586,1a
E01002986,1.5822,1a
E01003901,1.58233,1a
E01000377,1.58915,1a
E01000056,1.59312,1a
E01003816,1.59986,1a
E01002550,1.61611,1a
E01003819,1.61881,1a
E01001071,1.62949,1a
E01000259,1.63319,1a
E01001410,1.63581,1a
E01001022,1.64032,1a
E01002559,1.65861,1a
E01000659,1.65987,1a
E01000839,1.67034,1a
E01003703,1.67336,1a
E01001365,1.68039,1a
E01000655,1.6826,1a
E01000391,1.68355,1a
E01002387,1.68618,1a
E01004193,1.68839,1a
E01000444,1.69649,1a
E01002277,1.70163,1a
E01004095,1.70257,1a
E01000664,1.70713,1a
E01000991,1.70826,1a
E01002225,1.72408,1a
E01000167,1.72536,1a
E01002458,1.73904,1a
E01000255,1.74429,1a
E01002588,1.7575,1a
E01002544,1.76144,1a
E01002527,1.76441,1a
E01002596,1.77951,1a
E01001437,1.78074,1a
E01000262,1.7849,1a
E01002962,1.80144,1a
E01002269,1.8127,1a
E01002253,1.81467,1a
E01002610,1.81571,1a
E01002480,1.82017,1a
E01002519,1.83075,1a
E01000624,1.83914,1a
E01003826,1.84062,1a
E01000184,1.84585,1a
E01000818,1.84931,1a
E01002347,1.86711,1a
E01002416,1.89451,1a
E01001066,1.90729,1a
E01000189,1.9129,1a
E01000695,1.94197,1a
E01002255,1.9534,1a
E01001106,1.95469,1a
E01000519,1.95938,1a
E01033148,1.96673,1a
E01003889,1.96902,1a
E01000751,1.97251,1a
E01000039,1.97422,1a
E01002516,1.98478,1a
E01002462,1.9923,1a
E01003419,1.99398,1a
E01002250,2.00289,1a
E01001094,2.00342,1a
E01000658,2.01307,1a
E01001028,2.0163,1a
E01000724,2.0258,1a
E01001477,2.02694,1a
E01000522,2.02736,1a
E01001067,2.02872,1a
E01002241,2.03168,1a
E01001123,2.03347,1a
E01000374,2.04599,1a
E01002311,2.04863,1a
E01001103,2.0585,1a
E01001018,2.06156,1a
E01003691,2.06177,1a
E01001649,2.06582,1a
E01002486,2.08253,1a
E01000425,2.08548,1a
E01003818,2.09932,1a
E01002602,2.11054,1a
E01002388,2.11169,1a
E01001265,2.12412,1a
E01002918,2.12649,1a
E01001413,2.13361,1a
E01000241,2.13878,1a
E01002572,2.14012,1a
E01000229,2.14661,1a
E01004456,2.14911,1a
E01032623,2.15046,1a
E01001108,2.15506,1a
E01000486,2.15511,1a
E01002273,2.15966,1a
E01001027,2.16432,1a
E01001470,2.17349,1a
E01002953,2.18109,1a
E01000376,2.18199,1a
E01000721,2.19988,1a
E01003763,2.20581,1a
E01002263,2.21102,1a
E01001060,2.2128,1a
E01003625,2.22575,1a
E01003000,2.23641,1a
E01002943,2.24314,1a
E01002459,2.24351,1a
E01002374,2.24582,1a
E01003656,2.24999,1a
E01000092,2.25548,1a
E01002260,2.2847,1a
E01000666,2.2853,1a
E01000826,2.28541,1a
E01000752,2.28707,1a
E01002453,2.29014,1a
E01000107,2.29228,1a
E01002617,2.29426,1a
E01002229,2.2965,1a
E01000153,2.30541,1a
E01000240,2.31736,1a
E01000246,2.31966,1a
E01000037,2.32299,1a
E01002976,2.32462,1a
E01003462,2.32568,1a
E01002337,2.33261,1a
E01002538,2.3409,1a
E01002627,2.35431,1a
E01002439,2.36194,1a
E01000761,2.37075,1a
E01002421,2.37127,1a
E01000368,2.37969,1a
E01003732,2.40818,1a
E01002434,2.41283,1a
E01000249,2.41705,1a
E01000753,2.41898,1a
E01000094,2.43072,1a
E01002450,2.43441,1a
E01002952,2.43459,1a
E01000765,2.44571,1a
E01004109,2.45289,1a
E01002917,2.45604,1a
E01000538,2.46154,1a
E01002265,2.46313,1a
E01003745,2.46468,1a
E01001538,2.47304,1a
E01002924,2.48301,1a
E01000371,2.48637,1a
E01000434,2.49043,1a
E01001107,2.49373,1a
E01004349,2.49716,1a
E01002339,2.49801,1a
E01000786,2.49962,1a
E01000340,2.49991,1a
E01002113,2.50415,1b
E01002370,2.50562,1b
E01002992,2.5065,1b
E01000260,2.51402,1b
E01001497,2.5145,1b
E01000029,2.51489,1b
E01004450,2.53199,1b
E01002560,2.53643,1b
E01002545,2.53793,1b
E01004399,2.53812,1b
E01001124,2.53918,1b
E01002479,2.5427,1b
E01002603,2.54991,1b
E01001340,2.55303,1b
E01003680,2.55344,1b
E01002230,2.5576,1b
E01001427,2.55877,1b
E01000662,2.56115,1b
E01002436,2.56413,1b
E01003708,2.56442,1b
E01001523,2.56999,1b
E01004106,2.57597,1b
E01000734,2.60326,1b
E01000693,2.60559,1b
E01000460,2.60717,1b
E01003463,2.60966,1b
E01002308,2.61429,1b
E01032577,2.61994,1b
E01001307,2.62608,1b
E01004730,2.62955,1b
E01002428,2.63007,1b
E01000206,2.6326,1b
E01001032,2.63699,1b
E01002246,2.6384,1b
E01002474,2.64043,1b
E01000328,2.6526,1b
E01002920,2.66006,1b
E01003539,2.6688,1b
E01003659,2.67577,1b
E01000382,2.68589,1b
E01002378,2.68629,1b
E01001654,2.68662,1b
E01002915,2.69242,1b
E01004380,2.69345,1b
E01002950,2.70082,1b
E01002343,2.70439,1b
E01001091,2.70588,1b
E01000342,2.70648,1b
E01000406,2.7158,1b
E01002322,2.71772,1b
E01002294,2.72009,1b
E01003660,2.72062,1b
E01004058,2.72184,1b
E01000685,2.72356,1b
E01002499,2.72621,1b
E01002106,2.73109,1b
E01000989,2.73369,1b
E01000471,2.73387,1b
E01004377,2.74065,1b
E01000405,2.74236,1b
E01002107,2.74503,1b
E01002375,2.74564,1b
E01004192,2.74842,1b
E01000231,2.74879,1b
E01003657,2.75397,1b
E01001264,2.7552,1b
E01000183,2.76244,1b
E01002496,2.76363,1b
E01002539,2.76856,1b
E01000456,2.77023,1b
E01000437,2.7706,1b
E01000331,2.77512,1b
E01001016,2.77561,1b
E01000795,2.78256,1b
E01002149,2.78275,1b
E01000291,2.79384,1b
E01001329,2.79407,1b
E01003682,2.7955,1b
E01000833,2.80158,1b
E01002234,2.80357,1b
E01001061,2.80669,1b
E01002446,2.80846,1b
E01001119,2.81038,1b
E01002509,2.81142,1b
E01002437,2.8193,1b
E01000408,2.81996,1b
E01002589,2.82075,1b
E01000498,2.83172,1b
E01000173,2.83255,1b
E01003249,2.83734,1b
E01002946,2.84161,1b
E01001395,2.84572,1b
E01000090,2.84884,1b
E01000622,2.85059,1b
E01002227,2.85326,1b
E01000390,2.85645,1b
E01004184,2.85872,1b
E01000647,2.86366,1b
E01001098,2.86507,1b
E01003842,2.86539,1b
E01003350,2.8724,1b
E01003845,2.87579,1b
E01001445,2.87646,1b
E01000440,2.88081,1b
E01000261,2.88627,1b
E01002369,2.88641,1b
E01000103,2.88657,1b
E01001232,2.89018,1b
E01000185,2.89069,1b
E01004147,2.89638,1b
E01004093,2.89874,1b
E01002528,2.9,1b
E01004356,2.90133,1b
E01000808,2.9028,1b
E01003910,2.90501,1b
E01003541,2.91907,1b
E01000429,2.92107,1b
E01003823,2.92319,1b
E01004622,2.92327,1b
E01001473,2.93095,1b
E01000694,2.94179,1b
E01003780,2.94315,1b
E01001341,2.94645,1b
E01003455,2.95223,1b
E01001702,2.95361,1b
E01002944,2.95527,1b
E01001496,2.96545,1b
E01002532,2.9731,1b
E01002316,2.97609,1b
E01001680,2.98649,1b
E01000698,2.99075,1b
E01002638,2.99327,1b
E01000684,2.99795,1b
E01001069,3.00455,1b
E01000179,3.00729,1b
E01000028,3.01085,1b
E01000276,3.01511,1b
E01002124,3.01682,1b
E01001132,3.02043,1b
E01002475,3.02195,1b
E01001786,3.02413,1b
E01004088,3.02477,1b
E01002325,3.0297,1b
E01002420,3.03026,1b
E01002543,3.03094,1b
E01001414,3.03269,1b
E01002191,3.03737,1b
E01002423,3.04365,1b
E01004453,3.04766,1b
E01002111,3.05158,1b
E01001019,3.05315,1b
E01000341,3.05474,1b
E01000398,3.05581,1b
E01000308,3.05623,1b
E01000830,3.05623,1b
E01001522,3.05784,1b
E01001995,3.06243,1b
E01032576,3.06661,1b
E01000351,3.06809,1b
E01004169,3.07157,1b
E01000840,3.07478,1b
E01001506,3.0788,1b
E01000285,3.07951,1b
E01000152,3.08156,1b
E01002224,3.08644,1b
E01001537,3.0867,1b
E01000121,3.08933,1b
E01002631,3.0936,1b
E01000645,3.09408,1b
E01001543,3.09694,1b
E01000652,3.09999,1b
E01004124,3.10082,1b
E01004532,3.10098,1b
E01004382,3.1044,1b
E01004638,3.10505,1b
E01001656,3.11474,1b
E01003679,3.11881,1b
E01000373,3.1359,1b
E01001452,3.13992,1b
E01000089,3.14106,1b
E01000413,3.14611,1b
E01000468,3.15361,1b
E01003406,3.15596,1b
E01000073,3.16709,1b
E01000779,3.16715,1b
E01003464,3.17155,1b
E01000723,3.17262,1b
E01000452,3.17347,1b
E01001526,3.17396,1b
E01002586,3.18105,1b
E01002415,3.18614,1b
E01003528,3.18807,1b
E01000562,3.18971,1b
E01000353,3.19853,1b
E01002429,3.19968,1b
E01002650,3.2044,1b
E01000348,3.20471,1b
E01004486,3.20671,1b
E01001068,3.20711,1b
E01002433,3.2086,1b
E01002341,3.21308,1b
E01003825,3.21549,1b
E01002927,3.22515,1b
E01003678,3.22834,1b
E01001653,3.22859,1b
E01003761,3.22925,1b
E01004078,3.23261,1b
E01000198,3.23287,1b
E01003429,3.23399,1b
E01002591,3.23484,1b
E01001494,3.23656,1b
E01002582,3.23998,1b
E01003744,3.24039,1b
E01002171,3.24245,1b
E01002904,3.24389,1b
E01002604,3.24575,1b
E01000072,3.25017,1b
E01000367,3.25355,1b
E01004385,3.2549,1b
E01004076,3.25869,1b
E01002349,3.25894,1b
E01000410,3.2634,1b
E01003709,3.26484,1b
E01001409,3.26619,1b
E01004084,3.26759,1b
E01003794,3.26794,1b
E01003879,3.27202,1b
E01003432,3.27424,1b
E01003707,3.27722,1b
E01001122,3.27958,1b
E01004116,3.28146,1b
E01000163,3.28468,1b
E01000151,3.28696,1b
E01000172,3.29365,1b
E01004573,3.29484,1b
E01002540,3.29974,1b
E01002177,3.30746,1b
E01001434,3.30848,1b
E01000757,3.30895,1b
E01001270,3.31387,1b
E01003418,3.31416,1b
E01001126,3.31442,1b
E01002958,3.31632,1b
E01003813,3.31812,1b
E01001130,3.32074,1b
E01001557,3.3271,1b
E01001610,3.32901,1b
E01002164,3.32937,1b
E01033570,3.32945,1b
E01002411,3.33141,1b
E01002231,3.33253,1b
E01004387,3.3333,1b
E01002288,3.33709,1b
E01002571,3.33948,1b
E01002154,3.34217,1b
E01001064,3.34318,1b
E01001337,3.34393,1b
E01002530,3.3468,1b
E01002959,3.34856,1b
E01000213,3.34987,1b
E01003793,3.35333,1b
E01000096,3.35531,1b
E01000785,3.35728,1b
E01002323,3.36052,1b
E01002312,3.36714,1b
E01002654,3.37237,1b
E01002599,3.37537,1b
E01001568,3.37912,1b
E01003158,3.3807,1b
E01000566,3.38236,1b
E01004083,3.38375,1b
E01003710,3.38746,1b
E01001606,3.39175,1b
E01000095,3.4028,1b
E01033739,3.4072,1b
E01002390,3.40796,1b
E01000726,3.41249,1b
E01000450,3.4133,1b
E01001268,3.41627,1b
E01000653,3.4169,1b
E01003712,3.41823,1b
E01000683,3.41881,1b
E01000326,3.42004,1b
E01000372,3.42219,1b
E01001102,3.42348,1b
E01000402,3.42458,1b
E01002309,3.42496,1b
E01000453,3.43044,1b
E01002392,3.43307,1b
E01003192,3.43673,1b
E01003483,3.44043,1b
E01002275,3.44248,1b
E01000176,3.44314,1b
E01000066,3.44813,1b
E01003219,3.44829,1b
E01000687,3.44895,1b
E01002228,3.44908,1b
E01000836,3.45292,1b
E01002456,3.45527,1b
E01000764,3.4577,1b
E01002108,3.45843,1b
E01001148,3.45913,1b
E01000773,3.46137,1b
E01002636,3.46653,1b
E01001237,3.46973,1b
E01003820,3.47233,1b
E01002526,3.47481,1b
E01000346,3.47878,1b
E01004448,3.48131,1b
E01002196,3.48446,1b
E01002292,3.48701,1b
E01003354,3.49461,1b
E01001039,3.49553,1b
E01000256,3.50498,1b
E01002336,3.50503,1b
E01002541,3.50642,1b
E01000427,3.50764,1b
E01000034,3.50944,1b
E01002425,3.51243,1b
E01004055,3.51576,1b
E01002633,3.52299,1b
E01001347,3.52426,1b
E01001645,3.52639,1b
E01000769,3.53796,1b
E01003362,3.53837,1b
E01003005,3.53967,1b
E01004361,3.54058,1b
E01000441,3.54116,1b
E01003535,3.54812,1b
E01003665,3.55003,1b
E01001174,3.55244,1b
E01003649,3.55649,1b
E01002625,3.56067,1b
E01003832,3.56359,1b
E01002676,3.56529,1b
E01002444,3.56567,1b
E01003009,3.57027,1b
E01002934,3.57077,1b
E01032570,3.5765,1b
E01000335,3.58485,1b
E01002482,3.5852,1b
E01004390,3.5882,1b
E01000913,3.58832,1b
E01002373,3.59051,1b
E01002333,3.59173,1b
E01003762,3.59388,1b
E01000696,3.60572,1b
E01033729,3.60636,1b
E01002313,3.60795,1b
E01001694,3.61281,1b
E01001263,3.61421,1b
E01000385,3.61586,1b
E01004187,3.6232,1b
E01001539,3.62729,1b
E01002256,3.63365,1b
E01001127,3.63373,1b
E01003004,3.63576,1b
E01002615,3.63642,1b
E01000419,3.64246,1b
E01000122,3.64627,1b
E01002512,3.64789,1b
E01002956,3.64873,1b
E01004434,3.64942,1b
E01002368,3.65528,1b
E01033743,3.6575,1b
E01002481,3.66426,1b
E01000438,3.66625,1b
E01004355,3.67095,1b
E01000421,3.67592,1b
E01004130,3.67657,1b
E01004194,3.68065,1b
E01002451,3.68364,1b
E01000834,3.68483,1b
E01002270,3.68483,1b
E01003841,3.68798,1b
E01000369,3.68824,1b
E01003684,3.68952,1b
E01002457,3.69158,1b
E01000334,3.69191,1b
E01004416,3.69677,1b
E01001129,3.69974,1b
E01000210,3.70191,1b
E01001493,3.70841,1b
E01000378,3.70977,1b
E01002669,3.71493,1b
E01001551,3.72239,1b
E01002922,3.72289,1b
E01004154,3.72625,1b
E01033741,3.72666,1b
E01000033,3.72911,1b
E01002306,3.73049,1b
E01004402,3.73651,1b
E01033742,3.73681,1b
E01000350,3.73716,1b
E01002010,3.73795,1b
E01003416,3.74241,1b
E01004054,3.74747,1b
E01002548,3.74774,1b
E01004523,3.75035,1b
E01002611,3.75663,1b
E01001336,3.76281,1b
E01000199,3.7636,1b
E01002656,3.76795,1b
E01000672,3.76802,1b
E01003835,3.76971,1b
E01002941,3.77559,1b
E01001559,3.77562,1b
E01002185,3.77752,1b
E01002556,3.77899,1b
E01003468,3.77925,1b
E01000650,3.77995,1b
E01002626,3.78591,1b
E01001962,3.78944,1b
E01001478,3.79265,1b
E01002562,3.793,1b
E01003840,3.79319,1b
E01002600,3.79602,1b
E01001160,3.8032,1b
E01003346,3.8043,1b
E01000364,3.80588,1b
E01001660,3.80836,1b
E01004185,3.80904,1b
E01000737,3.80949,1b
E01003683,3.80952,1b
E01002134,3.81051,1b
E01000431,3.8132,1b
E01033592,3.81385,1b
E01002167,3.81513,1b
E01003706,3.82038,1b
E01000763,3.82528,1b
E01000663,3.8261,1b
E01000027,3.82624,1b
E01000207,3.83242,1b
E01001516,3.83633,1b
E01004133,3.84339,1b
E01001648,3.84434,1b
E01003829,3.85199,1b
E01002377,3.86132,1b
E01003746,3.86869,1b
E01003786,3.8699,1b
E01001545,3.87355,1b
E01002109,3.87565,1b
E01001173,3.88161,1b
E01003347,3.88981,1b
E01001678,3.8954,1b
E01001481,3.89673,1b
E01002653,3.90133,1b
E01004625,3.90213,1b
E01003298,3.90568,1b
E01002187,3.90652,1b
E01002194,3.90857,1b
E01003235,3.91632,1b
E01000287,3.91654,1b
E01000106,3.91793,1b
E01003482,3.9208,1b
E01004483,3.92201,1b
E01001570,3.92501,1b
E01002018,3.9253,1b
E01002632,3.92647,1b
E01000411,3.92821,1b
E01003154,3.93298,1b
E01002266,3.93368,1b
E01033590,3.93816,1b
E01001128,3.93869,1b
E01004091,3.9393,1b
E01000187,3.9409,1b
E01000820,3.94889,1b
E01001314,3.95507,1b
E01001576,3.95573,1b
E01001149,3.95617,1b
E01004422,3.95894,1b
E01000732,3.9619,1b
E01000031,3.96815,1b
E01002184,3.97133,1b
E01000205,3.97149,1b
E01003271,3.97165,1b
E01003751,3.97353,1b
E01003465,3.97387,1b
E01000064,3.97681,1b
E01003831,3.98228,1b
E01004135,3.9881,1b
E01003578,3.98926,1b
E01002670,3.99185,1b
E01002686,3.99498,1b
E01000178,3.99843,1b
E01000787,3.99983,1b
E01001096,4.00034,1b
E01002621,4.00501,1b
E01000426,4.00974,1b
E01002403,4.01324,1b
E01000062,4.01334,1b
E01001433,4.02427,1b
E01002201,4.02453,1b
E01003297,4.02646,1b
E01003364,4.02934,1b
E01002203,4.03194,1b
E01003420,4.03868,1b
E01001309,4.04089,1b
E01002672,4.04202,1b
E01003843,4.0438,1b
E01000088,4.04677,1b
E01003951,4.05335,1b
E01004180,4.05366,1b
E01002476,4.0549,1b
E01004360,4.05513,1b
E01002220,4.05523,1b
E01000060,4.05944,1b
E01004175,4.05997,1b
E01002320,4.062,1b
E01033724,4.0645,1b
E01000841,4.06465,1b
E01002932,4.06566,1b
E01002413,4.07868,1b
E01004516,4.08292,1b
E01004451,4.08361,1b
E01004056,4.08451,1b
E01000190,4.08514,1b
E01003575,4.08543,1b
E01002121,4.09274,1b
E01000778,4.09299,1b
E01001134,4.09528,1b
E01003467,4.10034,1b
E01003833,4.10258,1b
E01002955,4.10304,1b
E01000736,4.10507,1b
E01002052,4.10626,1b
E01001081,4.10919,1b
E01003720,4.10928,1b
E01002969,4.1105,1b
E01002634,4.11081,1b
E01000315,4.11409,1b
E01002284,4.11622,1b
E01002492,4.12022,1b
E01003827,4.12042,1b
E01000091,4.12319,1b
E01002487,4.12369,1b
E01001550,4.12791,1b
E01001342,4.13173,1b
E01003010,4.13186,1b
E01001464,4.13304,1b
E01004092,4.13953,1b
E01003421,4.14188,1b
E01003772,4.14233,1b
E01002966,4.14242,1b
E01004186,4.14283,1b
E01004350,4.14345,1b
E01001684,4.14383,1b
E01002395,4.14559,1b
E01002404,4.14789,1b
E01001370,4.14795,1b
E01001120,4.14897,1b
E01000563,4.14904,1b
E01004478,4.15477,1b
E01000126,4.15612,1b
E01032566,4.1575,1b
E01003795,4.1576,1b
E01003792,4.15775,1b
E01000320,4.1596,1b
E01002554,4.1613,1b
E01001596,4.16167,1b
E01000484,4.16269,1b
E01004168,4.16925,1b
E01001480,4.1717,1b
E01002383,4.17174,1b
E01001157,4.17818,1b
E01002195,4.18014,1b
E01001334,4.18145,1b
E01004089,4.19164,1b
E01001146,4.19224,1b
E01000838,4.19483,1b
E01000109,4.19941,1b
E01002466,4.20025,1b
E01003699,4.20109,1b
E01001546,4.20182,1b
E01002342,4.20183,1b
E01001966,4.20911,1b
E01033463,4.20927,1b
E01004189,4.20994,1b
E01002310,4.21391,1b
E01033572,4.21762,1b
E01002577,4.22648,1b
E01001823,4.22948,1b
E01003008,4.23634,1b
E01033745,4.23956,1b
E01004122,4.23999,1b
E01002152,4.24043,1b
E01002254,4.24074,1b
E01002293,4.24409,1b
E01000396,4.24521,1b
E01000420,4.24874,1b
E01000476,4.25479,1b
E01003681,4.25832,1b
E01000349,4.25907,1b
E01002166,4.26189,1b
E01003727,4.26472,1b
E01004468,4.26669,1b
E01002464,4.26857,1b
E01003888,4.26928,1b
E01002223,4.27065,1b
E01002546,4.27462,1b
E01002188,4.27497,1b
E01001088,4.27538,1b
E01002315,4.27684,1b
E01000738,4.28091,1b
E01002008,4.28266,1b
E01004398,4.28348,1b
E01004163,4.2884,1b
E01000503,4.29208,1b
E01003623,4.30201,1b
E01003007,4.30285,1b
E01000305,4.30464,1b
E01002673,4.3068,1b
E01004449,4.30692,1b
E01003666,4.31222,1b
E01001686,4.31422,1b
E01004351,4.31504,1b
E01001436,4.31581,1b
E01002957,4.31768,1b
E01000238,4.32,1b
E01000477,4.32539,1b
E01003156,4.32624,1b
E01000093,4.33628,1b
E01000283,4.33776,1b
E01000762,4.34055,1b
E01001961,4.34357,1b
E01002606,4.34377,1b
E01003395,4.34398,1b
E01002961,4.34769,1b
E01000682,4.34999,1b
E01001471,4.35116,1b
E01000343,4.35394,1b
E01001059,4.35696,1b
E01003582,4.35795,1b
E01003011,4.35941,1b
E01002090,4.36037,1b
E01004415,4.36083,1b
E01000286,4.36109,1b
E01001647,4.36157,1b
E01003270,4.36182,1b
E01000792,4.36261,1b
E01001206,4.36666,1b
E01000463,4.36916,1b
E01002057,4.36994,1b
E01003545,4.3788,1b
E01001364,4.38296,1b
E01002115,4.38501,1b
E01001209,4.38979,1b
E01000352,4.391,1b
E01000729,4.39312,1b
E01004639,4.39795,1b
E01002659,4.39796,1b
E01001605,4.40082,1b
E01000772,4.40313,1b
E01004386,4.40352,1b
E01002455,4.40487,1b
E01002979,4.40856,1b
E01001579,4.40952,1b
E01000177,4.40967,1b
E01002919,4.41094,1b
E01002511,4.41183,1b
E01002983,4.4125,1b
E01003677,4.41866,1b
E01001217,4.41914,1b
E01001049,4.42328,1b
E01002307,4.42735,1b
E01002192,4.43074,1b
E01002025,4.43132,1b
E01033580,4.43148,1b
E01004223,4.43284,1b
E01003669,4.43552,1b
E01004161,4.43868,1b
E01000333,4.44091,1b
E01000388,4.44671,1b
E01004087,4.44875,1b
E01000345,4.45586,1b
E01000775,4.46633,1b
E01000629,4.46701,1b
E01004428,4.46711,1b
E01002945,4.46928,1b
E01004574,4.47186,1b
E01003410,4.47559,1b
E01001669,4.47815,1b
E01000483,4.48319,1b
E01001420,4.48527,1b
E01001468,4.48539,1b
E01003847,4.48613,1b
E01000344,4.49603,1b
E01033150,4.50076,1b
E01000247,4.50334,1b
E01002101,4.50453,1b
E01002089,4.50571,1b
E01000691,4.5085,1b
E01000784,4.50907,1b
E01004012,4.51173,1b
E01000690,4.51215,1b
E01004619,4.51453,1b
E01001453,4.51598,1b
E01000679,4.51682,1b
E01000355,4.52544,1b
E01004136,4.52674,1b
E01000893,4.52796,1b
E01002247,4.5285,1b
E01033582,4.53594,1b
E01002926,4.5374,1b
E01001036,4.53787,1b
E01002168,4.5379,1b
E01002207,4.54123,1b
E01003822,4.54187,1b
E01003871,4.54313,1b
E01002975,4.54392,1b
E01000590,4.54726,1b
E01003422,4.5488,1b
E01001482,4.54982,1b
E01000266,4.55087,1b
E01004020,4.55113,1b
E01002314,4.55436,1b
E01000019,4.55711,1b
E01033577,4.5574,1b
E01002329,4.55755,1b
E01000280,4.55821,1b
E01000337,4.56165,1b
E01002258,4.56556,1b
E01003485,4.56617,1b
E01001574,4.56848,1b
E01002518,4.56899,1b
E01001290,4.57093,1b
E01000359,4.57245,1b
E01000646,4.57589,1b
E01004181,4.5853,1b
E01002590,4.58536,1b
E01000832,4.59444,1b
E01003828,4.59695,1b
E01004389,4.59999,1b
E01000339,4.6031,1b
E01033146,4.60784,1b
E01004329,4.6079,1b
E01001308,4.61135,1b
E01002158,4.61863,1b
E01000831,4.62075,1b
E01001058,4.62217,1b
E01002141,4.62895,1b
E01002447,4.62897,1b
E01001671,4.63264,1b
E01003609,4.63549,1b
E01004642,4.63734,1b
E01002907,4.638,1b
E01002297,4.64256,1b
E01004132,4.64361,1b
E01000455,4.64807,1b
E01000442,4.65113,1b
E01002491,4.65119,1b
E01000809,4.65127,1b
E01004096,4.65576,1b
E01001345,4.65843,1b
E01003815,4.66753,1b
E01000159,4.66803,1b
E01002973,4.6707,1b
E01001031,4.67202,1b
E01003722,4.67578,1b
E01004352,4.67601,1b
E01002614,4.67816,1b
E01001062,4.67905,1b
E01001459,4.67925,1b
E01000263,4.68041,1b
E01001020,4.6873,1b
E01002647,4.68818,1b
E01002422,4.68895,1b
E01002283,4.69053,1b
E01002140,4.69511,1b
E01002200,4.69715,1b
E01002981,4.69853,1b
E01002463,4.69886,1b
E01000813,4.70091,1b
E01032565,4.70225,1b
E01003739,4.70588,1b
E01001685,4.70598,1b
E01001248,4.70704,1b
E01004115,4.71076,1b
E01003149,4.71215,1b
E01004620,4.71275,1b
E01003759,4.71419,1b
E01002477,4.71482,1b
E01003724,4.71533,1b
E01003006,4.71942,1b
E01003518,4.72957,1b
E01003830,4.73255,1b
E01001435,4.7336,1b
E01002267,4.73763,1b
E01000439,4.73821,1b
E01003740,4.73977,1b
E01000157,4.74217,1b
E01003905,4.74592,1b
E01000827,4.75004,1b
E01003195,4.75036,1b
E01000451,4.75112,1b
E01003890,4.75269,1b
E01000380,4.75563,1b
E01000756,4.76303,1b
E01000812,4.76792,1b
E01003363,4.77106,1b
E01001075,4.77509,1b
E01000899,4.77907,1b
E01002197,4.78041,1b
E01003737,4.78287,1b
E01002635,4.78374,1b
E01004112,4.78381,1b
E01002938,4.78419,1b
E01000242,4.78627,1b
E01001788,4.78696,1b
E01002178,4.79,1b
E01002929,4.79309,1b
E01001343,4.79949,1b
E01004079,4.8009,1b
E01000623,4.80391,1b
E01001346,4.80514,1b
E01000502,4.80588,1b
E01004357,4.80591,1b
E01002531,4.80594,1b
E01000166,4.80773,1b
E01000618,4.80994,1b
E01000735,4.81381,1b
E01000322,4.81526,1b
E01000657,4.81635,1b
E01001184,4.81726,1b
E01003064,4.81737,1b
E01003479,4.82009,1b
E01000030,4.82042,1b
E01003267,4.82218,1b
E01000021,4.82921,1b
E01001484,4.8307,1b
E01002186,4.83301,1b
E01002637,4.83374,1b
E01000395,4.83479,1b
E01003670,4.83497,1b
E01000804,4.83738,1b
E01004081,4.83765,1b
E01001084,4.84274,1b
E01002138,4.84419,1b
E01004636,4.84433,1b
E01000203,4.85085,1b
E01000100,4.85174,1b
E01004167,4.85385,1b
E01032567,4.86151,1b
E01000082,4.86249,1b
E01002667,4.87164,1b
E01003723,4.8738,1b
E01001218,4.87714,1b
E01000760,4.88088,1b
E01000230,4.88116,1b
E01000567,4.88182,1b
E01004107,4.88473,1b
E01003639,4.88602,1b
E01000681,4.88711,1b
E01002303,4.89028,1b
E01003197,4.89059,1b
E01033574,4.89154,1b
E01003671,4.8931,1b
E01000347,4.89876,1b
E01003787,4.89953,1b
E01001533,4.89995,1b
E01000150,4.89998,1b
E01001682,4.90196,1b
E01002346,4.90638,1b
E01002616,4.92888,1b
E01001099,4.93148,1b
E01003908,4.93293,1b
E01000793,4.9349,1b
E01003244,4.93914,1b
E01002671,4.94108,1b
E01000794,4.94587,1b
E01001150,4.94682,1b
E01001026,4.94737,1b
E01000147,4.94744,1b
E01002555,4.94992,1b
E01000436,4.95158,1b
E01032563,4.9519,1b
E01000175,4.95602,1b
E01002401,4.95817,1b
E01000081,4.96245,1b
E01001582,4.96351,1b
E01002652,4.97352,1b
E01004159,4.97491,1b
E01000713,4.97494,1b
E01002321,4.97833,1b
E01002156,4.97897,1b
E01001679,4.97943,1b
E01002628,4.97989,1b
E01001086,4.9819,1b
E01003435,4.98429,1b
E01004075,4.98478,1b
E01001172,4.98562,1b
E01000225,4.98705,1b
E01001514,4.98764,1b
E01003351,4.98951,1b
E01004353,4.99432,1b
E01001161,5.00449,2
E01002301,5.0074,2
E01000316,5.00847,2
E01002493,5.00896,2
E01003648,5.00914,2
E01002317,5.01096,2
E01000868,5.01503,2
E01003760,5.02422,2
E01000123,5.0261,2
E01001611,5.02625,2
E01003643,5.02802,2
E01001193,5.03033,2
E01001651,5.03033,2
E01002400,5.03062,2
E01003424,5.03101,2
E01000837,5.03155,2
E01003735,5.0346,2
E01003447,5.03463,2
E01004383,5.03902,2
E01001958,5.04007,2
E01001955,5.04058,2
E01001015,5.04309,2
E01002998,5.04661,2
E01000718,5.04751,2
E01000445,5.0562,2
E01003001,5.05712,2
E01002037,5.06004,2
E01001177,5.06119,2
E01002082,5.06857,2
E01002298,5.06941,2
E01000016,5.06966,2
E01001287,5.07028,2
E01002405,5.07079,2
E01000116,5.07194,2
E01001531,5.07428,2
E01004183,5.0751,2
E01003809,5.07845,2
E01002443,5.07926,2
E01002139,5.08494,2
E01002553,5.09273,2
E01033588,5.09327,2
E01000697,5.09656,2
E01003904,5.09806,2
E01001623,5.1039,2
E01001681,5.10576,2
E01003731,5.11096,2
E01033740,5.11114,2
E01000361,5.11372,2
E01002977,5.11455,2
E01004628,5.11466,2
E01001486,5.12049,2
E01002513,5.12067,2
E01002214,5.13082,2
E01004404,5.13124,2
E01002970,5.13154,2
E01000789,5.13508,2
E01000111,5.14128,2
E01002279,5.14455,2
E01001655,5.14686,2
E01000716,5.14735,2
E01001549,5.15067,2
E01002558,5.15133,2
E01003436,5.1558,2
E01001428,5.15859,2
E01002488,5.16119,2
E01033710,5.16294,2
E01002445,5.16357,2
E01002013,5.16478,2
E01004413,5.17288,2
E01001338,5.17319,2
E01001698,5.17418,2
E01002618,5.17505,2
E01003583,5.17993,2
E01000117,5.18281,2
E01003536,5.18684,2
E01000667,5.1872,2
E01000079,5.18942,2
E01002557,5.19154,2
E01000110,5.19226,2
E01000454,5.1938,2
E01003770,5.20076,2
E01001052,5.20438,2
E01000565,5.20919,2
E01003398,5.21353,2
E01000526,5.21388,2
E01002299,5.21453,2
E01002418,5.21811,2
E01002372,5.2193,2
E01000446,5.22069,2
E01001366,5.22697,2
E01004567,5.23071,2
E01004196,5.23186,2
E01001877,5.23432,2
E01000527,5.23734,2
E01000465,5.24225,2
E01000791,5.24373,2
E01001499,5.2447,2
E01001133,5.24765,2
E01003791,5.24956,2
E01002549,5.24973,2
E01000686,5.25868,2
E01002424,5.259,2
E01000885,5.26033,2
E01001403,5.26036,2
E01001147,5.26601,2
E01000407,5.26696,2
E01002226,5.27664,2
E01002399,5.27704,2
E01001441,5.2791,2
E01001242,5.28209,2
E01000534,5.28448,2
E01003552,5.28637,2
E01004429,5.291,2
E01002244,5.29153,2
E01000080,5.2962,2
E01004344,5.29758,2
E01000074,5.29852,2
E01001253,5.30412,2
E01001635,5.30722,2
E01003417,5.30723,2
E01003577,5.31177,2
E01004459,5.31226,2
E01000053,5.317,2
E01002579,5.3181,2
E01003945,5.31855,2
E01003903,5.32602,2
E01003821,5.32695,2
E01000319,5.32851,2
E01003802,5.33053,2
E01003968,5.33187,2
E01003693,5.33278,2
E01003449,5.34307,2
E01004330,5.34353,2
E01002145,5.34553,2
E01002216,5.35276,2
E01003451,5.35564,2
E01004327,5.35828,2
E01000819,5.35922,2
E01002674,5.36504,2
E01002110,5.36774,2
E01002547,5.36983,2
E01000059,5.37076,2
E01001556,5.37173,2
E01002295,5.37395,2
E01002281,5.3742,2
E01000518,5.37919,2
E01002402,5.38048,2
E01001411,5.38237,2
E01003563,5.38508,2
E01002393,5.38654,2
E01032770,5.39257,2
E01001079,5.39426,2
E01004343,5.39695,2
E01001787,5.39921,2
E01004604,5.4041,2
E01000363,5.40452,2
E01002525,5.4092,2
E01003239,5.41078,2
E01000780,5.41354,2
E01003663,5.41421,2
E01004560,5.41454,2
E01002354,5.41479,2
E01000209,5.4159,2
E01003448,5.41987,2
E01000227,5.42003,2
E01000041,5.4201,2
E01002542,5.42206,2
E01003881,5.4239,2
E01002302,5.42628,2
E01004427,5.42662,2
E01002172,5.42664,2
E01004558,5.4403,2
E01001297,5.441,2
E01001463,5.44131,2
E01002947,5.44348,2
E01001475,5.44452,2
E01001599,5.44963,2
E01001219,5.4536,2
E01001449,5.45849,2
E01003445,5.46149,2
E01004127,5.46221,2
E01001455,5.46658,2
E01003434,5.46927,2
E01001281,5.47207,2
E01002534,5.47225,2
E01032562,5.47229,2
E01000118,5.47366,2
E01004634,5.47574,2
E01001963,5.47612,2
E01004245,5.47692,2
E01000782,5.48075,2
E01004575,5.48164,2
E01000596,5.48261,2
E01002980,5.48598,2
E01000464,5.49156,2
E01003824,5.49172,2
E01001602,5.49293,2
E01004131,5.49364,2
E01004626,5.49399,2
E01001510,5.4956,2
E01003466,5.49656,2
E01000884,5.49998,2
E01001447,5.5015,2
E01000325,5.50154,2
E01000815,5.50174,2
E01000239,5.50472,2
E01001293,5.50785,2
E01004384,5.50936,2
E01001859,5.51052,2
E01003437,5.5172,2
E01001957,5.51995,2
E01033702,5.52124,2
E01004555,5.52537,2
E01000297,5.53039,2
E01003764,5.5305,2
E01000807,5.54466,2
E01002949,5.55005,2
E01004082,5.5531,2
E01003218,5.56105,2
E01000375,5.56522,2
E01002331,5.56616,2
E01002569,5.56694,2
E01033581,5.56928,2
E01000994,5.57301,2
E01000102,5.5827,2
E01002605,5.5843,2
E01001548,5.58472,2
E01002505,5.58795,2
E01003175,5.59687,2
E01001294,5.59987,2
E01001934,5.60602,2
E01000912,5.60771,2
E01000025,5.60855,2
E01002280,5.61251,2
E01004101,5.61448,2
E01001025,5.62324,2
E01003685,5.62656,2
E01001044,5.62707,2
E01000265,5.6292,2
E01004151,5.63077,2
E01001992,5.63301,2
E01000435,5.63675,2
E01003872,5.63868,2
E01001008,5.63985,2
E01004491,5.642,2
E01002059,5.64392,2
E01000289,5.64563,2
E01001461,5.64626,2
E01003514,5.6497,2
E01001092,5.65335,2
E01003844,5.65704,2
E01003758,5.65742,2
E01004069,5.66834,2
E01003838,5.67036,2
E01003225,5.67111,2
E01002994,5.67231,2
E01004401,5.67233,2
E01003391,5.67894,2
E01001431,5.68028,2
E01000593,5.68572,2
E01002162,5.6859,2
E01003430,5.68599,2
E01001444,5.68671,2
E01000908,5.68722,2
E01003743,5.69251,2
E01001542,5.69319,2
E01004504,5.69323,2
E01002551,5.69785,2
E01002608,5.6982,2
E01003312,5.69875,2
E01004086,5.70042,2
E01003474,5.70458,2
E01001182,5.70778,2
E01000357,5.70967,2
E01003182,5.71172,2
E01004190,5.71243,2
E01002211,5.71626,2
E01000770,5.7165,2
E01000423,5.71678,2
E01000114,5.7183,2
E01001565,5.72276,2
E01001598,5.73088,2
E01003376,5.73634,2
E01000995,5.73666,2
E01002332,5.73975,2
E01001030,5.74083,2
E01001692,5.74156,2
E01000409,5.74244,2
E01004166,5.74644,2
E01003513,5.74995,2
E01033086,5.75667,2
E01001082,5.75799,2
E01002215,5.76711,2
E01002122,5.76826,2
E01000665,5.77087,2
E01001295,5.77121,2
E01032564,5.77146,2
E01003803,5.77229,2
E01000076,5.77444,2
E01001140,5.7758,2
E01003246,5.78361,2
E01002619,5.7867,2
E01004243,5.79009,2
E01000432,5.79097,2
E01000814,5.79415,2
E01003065,5.80263,2
E01002427,5.80332,2
E01002076,5.80446,2
E01000067,5.81041,2
E01001286,5.81065,2
E01003799,5.81882,2
E01003332,5.81976,2
E01000731,5.82349,2
E01001614,5.83088,2
E01002609,5.83122,2
E01003698,5.83388,2
E01000992,5.83445,2
E01004345,5.83449,2
E01001625,5.83501,2
E01000469,5.83766,2
E01002318,5.84161,2
E01003875,5.84458,2
E01001553,5.84492,2
E01002448,5.84644,2
E01003725,5.85445,2
E01000168,5.85669,2
E01002467,5.85731,2
E01004403,5.85793,2
E01001865,5.85866,2
E01001967,5.86619,2
E01001562,5.86766,2
E01003469,5.87251,2
E01003511,5.87564,2
E01000065,5.87778,2
E01001276,5.87993,2
E01004331,5.88539,2
E01000379,5.8868,2
E01000470,5.88693,2
E01002916,5.89049,2
E01032785,5.89091,2
E01002842,5.89115,2
E01001135,5.89186,2
E01004400,5.89298,2
E01000046,5.89415,2
E01002583,5.8985,2
E01002484,5.90026,2
E01003191,5.90417,2
E01003189,5.90439,2
E01004173,5.90802,2
E01000474,5.90861,2
E01002655,5.91378,2
E01002595,5.91656,2
E01001989,5.92408,2
E01002222,5.9262,2
E01001006,5.92862,2
E01003269,5.9328,2
E01003738,5.93528,2
E01002120,5.94158,2
E01004128,5.94204,2
E01001642,5.94292,2
E01001661,5.94366,2
E01001179,5.94416,2
E01003900,5.94478,2
E01001500,5.94789,2
E01002217,5.95277,2
E01000554,5.95395,2
E01000321,5.95425,2
E01003650,5.96367,2
E01001502,5.97254,2
E01004103,5.97344,2
E01000613,5.97502,2
E01002248,5.97615,2
E01001004,5.97647,2
E01002278,5.98032,2
E01001262,5.98078,2
E01000217,5.98197,2
E01001517,5.98531,2
E01003891,5.9863,2
E01004605,5.98694,2
E01003412,5.9907,2
E01000412,5.99272,2
E01002452,5.99533,2
E01000354,5.99694,2
E01000816,6.00218,2
E01002150,6.00315,2
E01002086,6.0035,2
E01002928,6.00382,2
E01000236,6.0124,2
E01003307,6.01391,2
E01000008,6.02463,2
E01004645,6.02603,2
E01000458,6.02781,2
E01001789,6.03176,2
E01000985,6.03723,2
E01000054,6.03998,2
E01001198,6.04095,2
E01000692,6.0417,2
E01003797,6.04222,2
E01000169,6.04421,2
E01001421,6.04491,2
E01001324,6.05533,2
E01002504,6.05849,2
E01002112,6.06388,2
E01003635,6.06656,2
E01003814,6.06723,2
E01000278,6.07232,2
E01000514,6.07398,2
E01001296,6.07586,2
E01000233,6.08051,2
E01000201,6.08538,2
E01002552,6.08634,2
E01003750,6.09137,2
E01000257,6.09177,2
E01003413,6.09328,2
E01003642,6.09397,2
E01003222,6.0941,2
E01002363,6.09631,2
E01000226,6.09849,2
E01003311,6.10792,2
E01001125,6.11042,2
E01003361,6.11379,2
E01001311,6.11576,2
E01004388,6.11993,2
E01000417,6.12296,2
E01000980,6.12826,2
E01003673,6.12852,2
E01001465,6.13762,2
E01004644,6.13965,2
E01004249,6.14127,2
E01000569,6.14564,2
E01003248,6.15503,2
E01000661,6.15914,2
E01001402,6.16788,2
E01003836,6.16971,2
E01002939,6.1711,2
E01000572,6.17318,2
E01003275,6.17632,2
E01000022,6.17678,2
E01003834,6.17934,2
E01001824,6.18247,2
E01004378,6.18941,2
E01003495,6.19401,2
E01003258,6.19459,2
E01002371,6.19732,2
E01003484,6.19878,2
E01033575,6.20319,2
E01000448,6.2087,2
E01033464,6.21047,2
E01000555,6.21346,2
E01001416,6.215,2
E01003855,6.21565,2
E01002620,6.2176,2
E01003330,6.22355,2
E01002274,6.22582,2
E01001331,6.22682,2
E01000222,6.22928,2
E01000158,6.23262,2
E01003143,6.23642,2
E01001063,6.23711,2
E01004568,6.23943,2
E01003375,6.23994,2
E01004234,6.24503,2
E01001205,6.24821,2
E01002564,6.25001,2
E01000387,6.25053,2
E01002381,6.25091,2
E01000485,6.25403,2
E01003407,6.25994,2
E01004120,6.26011,2
E01000651,6.2666,2
E01002319,6.27092,2
E01003916,6.27416,2
E01002143,6.27688,2
E01002084,6.28081,2
E01004119,6.28683,2
E01001993,6.28688,2
E01003733,6.28855,2
E01000777,6.29376,2
E01000461,6.30012,2
E01004171,6.30081,2
E01004233,6.30786,2
E01004292,6.31116,2
E01001841,6.31118,2
E01001624,6.31622,2
E01001051,6.31964,2
E01000332,6.33218,2
E01001985,6.33775,2
E01004145,6.33981,2
E01002282,6.34262,2
E01002502,6.34363,2
E01001438,6.34429,2
E01003547,6.34505,2
E01000774,6.34675,2
E01004164,6.34715,2
E01032773,6.3496,2
E01003548,6.35141,2
E01003867,6.35307,2
E01004188,6.35315,2
E01004624,6.35334,2
E01004463,6.35473,2
E01000648,6.35506,2
E01002285,6.35912,2
E01003730,6.35931,2
E01000272,6.35938,2
E01001567,6.35976,2
E01000277,6.36314,2
E01001448,6.36359,2
E01003431,6.36669,2
E01002376,6.37786,2
E01002335,6.38337,2
E01033733,6.385,2
E01000258,6.38797,2
E01002173,6.38841,2
E01004592,6.38895,2
E01000517,6.3903,2
E01004125,6.39129,2
E01002483,6.39231,2
E01001658,6.39307,2
E01002960,6.39378,2
E01002328,6.39534,2
E01001919,6.39546,2
E01002116,6.39581,2
E01002406,6.39597,2
E01002117,6.39749,2
E01002523,6.39851,2
E01004057,6.39944,2
E01001180,6.40015,2
E01002435,6.40052,2
E01002576,6.4006,2
E01004094,6.40386,2
E01002613,6.40413,2
E01001584,6.40649,2
E01002585,6.40797,2
E01001583,6.40819,2
E01001187,6.41329,2
E01002409,6.41427,2
E01004014,6.41562,2
E01000710,6.41839,2
E01001618,6.42012,2
E01002982,6.42313,2
E01000766,6.42784,2
E01002658,6.42953,2
E01032774,6.43357,2
E01000020,6.43368,2
E01002607,6.43369,2
E01003870,6.43437,2
E01032775,6.43469,2
E01001659,6.43523,2
E01004358,6.43642,2
E01000160,6.45198,2
E01000783,6.45828,2
E01003002,6.45879,2
E01002159,6.46045,2
E01003644,6.4605,2
E01001984,6.46607,2
E01002355,6.46881,2
E01002931,6.47114,2
E01003452,6.47749,2
E01001790,6.47794,2
E01000014,6.48471,2
E01001200,6.48912,2
E01000505,6.50242,2
E01002666,6.50518,2
E01001657,6.50666,2
E01001672,6.50961,2
E01001541,6.5128,2
E01001683,6.51465,2
E01000338,6.51834,2
E01002501,6.52443,2
E01001603,6.52526,2
E01004134,6.53192,2
E01000649,6.53299,2
E01001827,6.5413,2
E01002327,6.54155,2
E01000294,6.54513,2
E01001305,6.55108,2
E01004002,6.55157,2
E01000032,6.5524,2
E01001803,6.55737,2
E01003860,6.55949,2
E01000587,6.56139,2
E01003811,6.56395,2
E01004521,6.56902,2
E01003538,6.57516,2
E01000274,6.57909,2
E01002042,6.58145,2
E01001479,6.58454,2
E01001229,6.58582,2
E01004182,6.5869,2
E01001368,6.58949,2
E01004637,6.59115,2
E01004160,6.59275,2
E01003756,6.60156,2
E01001983,6.6126,2
E01002679,6.61428,2
E01001804,6.62182,2
E01000860,6.62874,2
E01002951,6.62944,2
E01002396,6.63431,2
E01001846,6.6349,2
E01000087,6.63595,2
E01003736,6.63989,2
E01000609,6.64462,2
E01003387,6.6502,2
E01001073,6.6552,2
E01033571,6.65934,2
E01000386,6.66181,2
E01003470,6.66308,2
E01000604,6.6639,2
E01000668,6.67165,2
E01001446,6.67286,2
E01000324,6.67301,2
E01004224,6.67893,2
E01001230,6.68189,2
E01004018,6.68437,2
E01003442,6.68533,2
E01003268,6.68631,2
E01001964,6.69114,2
E01001650,6.69989,2
E01003440,6.70184,2
E01033734,6.70292,2
E01003313,6.70639,2
E01003348,6.70685,2
E01003947,6.70738,2
E01001330,6.70815,2
E01003866,6.70933,2
E01002289,6.70999,2
E01001489,6.71156,2
E01000115,6.71345,2
E01003366,6.71763,2
E01001208,6.72144,2
E01000603,6.72175,2
E01001836,6.72271,2
E01003320,6.72587,2
E01001620,6.72725,2
E01004362,6.73335,2
E01002264,6.73706,2
E01002472,6.7403,2
E01001169,6.74313,2
E01000447,6.74662,2
E01000828,6.75209,2
E01003909,6.75495,2
E01004518,6.75524,2
E01003784,6.75528,2
E01000232,6.756,2
E01003747,6.77279,2
E01001474,6.77506,2
E01001201,6.77634,2
E01001504,6.77903,2
E01001828,6.77975,2
E01001279,6.78098,2
E01001211,6.78147,2
E01001327,6.78622,2
E01002345,6.78868,2
E01001454,6.78912,2
E01001363,6.79774,2
E01001532,6.79867,2
E01002359,6.80155,2
E01002398,6.80992,2
E01000078,6.816,2
E01004342,6.81702,2
E01001703,6.82056,2
E01001371,6.82402,2
E01033725,6.82864,2
E01002991,6.82904,2
E01003519,6.83617,2
E01001010,6.83665,2
E01003766,6.83745,2
E01003804,6.84669,2
E01004216,6.85202,2
E01004016,6.85344,2
E01004347,6.85462,2
E01000673,6.85552,2
E01002651,6.85646,2
E01000035,6.861,2
E01000602,6.86602,2
E01003603,6.8685,2
E01004469,6.87223,2
E01001159,6.87234,2
E01003229,6.87271,2
E01004126,6.87765,2
E01032783,6.88572,2
E01000120,6.88592,2
E01000275,6.88708,2
E01002963,6.89235,2
E01004240,6.89279,2
E01004001,6.89574,2
E01004077,6.89839,2
E01001310,6.8989,2
E01000267,6.9009,2
E01000810,6.90665,2
E01002163,6.90815,2
E01002202,6.91033,2
E01003266,6.91072,2
E01004597,6.91191,2
E01003641,6.91308,2
E01001328,6.9136,2
E01001083,6.91761,2
E01004148,6.92091,2
E01001197,6.92281,2
E01002148,6.92624,2
E01002189,6.92834,2
E01002657,6.93153,2
E01001271,6.93513,2
E01001503,6.93568,2
E01000200,6.93741,2
E01004241,6.94011,2
E01001076,6.94165,2
E01004572,6.94325,2
E01000186,6.9451,2
E01002925,6.94542,2
E01004111,6.94565,2
E01000835,6.94695,2
E01000509,6.94865,2
E01001652,6.95366,2
E01004274,6.95373,2
E01000061,6.95569,2
E01004222,6.95697,2
E01001456,6.95861,2
E01001399,6.9604,2
E01004104,6.96232,2
E01003716,6.96246,2
E01001158,6.96317,2
E01000023,6.96416,2
E01003433,6.96794,2
E01001552,6.97462,2
E01001317,6.98351,2
E01003801,6.98745,2
E01001415,6.98982,2
E01003544,6.99401,2
E01003584,6.99685,2
E01003478,6.99843,2
E01003414,7.00311,2
E01000358,7.00546,2
E01003771,7.01474,2
E01000045,7.02575,2
E01000733,7.02651,2
E01004017,7.02701,2
E01003906,7.02749,2
E01004581,7.03659,2
E01003853,7.03825,2
E01002075,7.03848,2
E01003380,7.04206,2
E01004043,7.05247,2
E01001257,7.05387,2
E01004090,7.06618,2
E01001996,7.06697,2
E01002367,7.07138,2
E01000528,7.0722,2
E01003537,7.0722,2
E01002199,7.07264,2
E01000873,7.0738,2
E01003902,7.07896,2
E01002431,7.08506,2
E01002021,7.09305,2
E01001469,7.09324,2
E01004454,7.09523,2
E01004250,7.09635,2
E01002414,7.09805,2
E01003250,7.09923,2
E01001524,7.10163,2
E01001285,7.10285,2
E01003721,7.10387,2
E01002170,7.10389,2
E01000520,7.10418,2
E01001372,7.1046,2
E01002598,7.10522,2
E01002198,7.1087,2
E01001513,7.11314,2
E01003560,7.11329,2
E01003515,7.12058,2
E01002019,7.12521,2
E01001547,7.13349,2
E01003028,7.14056,2
E01001564,7.14354,2
E01003132,7.14482,2
E01000043,7.14811,2
E01000058,7.15048,2
E01000063,7.15226,2
E01001709,7.15319,2
E01001462,7.15449,2
E01002235,7.17243,2
E01004121,7.17644,2
E01002592,7.18234,2
E01001397,7.18735,2
E01000243,7.19005,2
E01003702,7.19024,2
E01033728,7.19483,2
E01002536,7.1957,2
E01001937,7.20069,2
E01000540,7.20093,2
E01002971,7.20564,2
E01002181,7.21588,2
E01000501,7.21683,2
E01002208,7.2215,2
E01000449,7.22458,2
E01002808,7.22517,2
E01000589,7.22829,2
E01002410,7.23611,2
E01002668,7.23692,2
E01000036,7.23694,2
E01004417,7.23749,2
E01003915,7.23874,2
E01000626,7.24301,2
E01000781,7.24838,2
E01000164,7.25459,2
E01002338,7.25961,2
E01000577,7.26139,2
E01003404,7.26644,2
E01001220,7.26762,2
E01001284,7.26873,2
E01004105,7.27063,2
E01000620,7.27979,2
E01000595,7.28171,2
E01003741,7.28348,2
E01001065,7.28401,2
E01002841,7.28644,2
E01004138,7.28888,2
E01002382,7.29755,2
E01032569,7.29791,2
E01001195,7.30179,2
E01001349,7.30266,2
E01002366,7.30409,2
E01001137,7.30781,2
E01001587,7.31222,2
E01002629,7.31546,2
E01001292,7.31608,2
E01003243,7.31906,2
E01000312,7.32075,2
E01003316,7.32557,2
E01004280,7.32983,2
E01004379,7.33566,2
E01001332,7.33573,2
E01003970,7.33686,2
E01000284,7.33826,2
E01003408,7.34087,2
E01004100,7.34688,2
E01000083,7.34986,2
E01000318,7.35385,2
E01002412,7.35562,2
E01001288,7.37212,2
E01000996,7.37216,2
E01004341,7.37304,2
E01000202,7.37416,2
E01001980,7.38391,2
E01000418,7.38446,2
E01001400,7.38569,2
E01004328,7.38812,2
E01033726,7.38859,2
E01001873,7.39107,2
E01001563,7.3925,2
E01001199,7.39258,2
E01003314,7.39315,2
E01003377,7.39774,2
E01000024,7.40458,2
E01003711,7.40545,2
E01000077,7.40742,2
E01000244,7.41434,2
E01001055,7.41538,2
E01001138,7.41653,2
E01000982,7.42046,2
E01003757,7.42254,2
E01002465,7.42768,2
E01000513,7.43026,2
E01000909,7.43576,2
E01003774,7.43653,2
E01003457,7.44123,2
E01001289,7.44303,2
E01004346,7.44496,2
E01000902,7.44593,2
E01000768,7.4484,2
E01001406,7.45231,2
E01001426,7.45405,2
E01002024,7.45953,2
E01000601,7.46017,2
E01002515,7.46379,2
E01004359,7.47056,2
E01001509,7.47596,2
E01004492,7.47976,2
E01000606,7.48086,2
E01003368,7.48269,2
E01002460,7.48321,2
E01000049,7.48893,2
E01001476,7.48955,2
E01004640,7.49007,2
E01000212,7.49251,2
E01000539,7.49838,2
E01003475,7.49896,2
E01000052,7.49988,2
E01002881,7.50133,2
E01001401,7.5021,2
E01003638,7.50538,2
E01003517,7.50659,2
E01003611,7.5139,2
E01003260,7.51491,2
E01001601,7.52455,2
E01001301,7.5249,2
E01000600,7.52504,2
E01004502,7.52586,2
E01000643,7.53351,2
E01004539,7.53625,2
E01001115,7.53722,2
E01004372,7.54075,2
E01000564,7.54337,2
E01001637,7.54544,2
E01000170,7.55074,2
E01001405,7.55233,2
E01004381,7.55276,2
E01002165,7.55782,2
E01001313,7.55979,2
E01001141,7.5611,2
E01001034,7.56223,2
E01004053,7.56243,2
E01001876,7.56263,2
E01002094,7.56477,2
E01002996,7.56557,2
E01003337,7.56834,2
E01003652,7.56942,2
E01000990,7.57535,2
E01000055,7.57714,2
E01003946,7.57767,2
E01003554,7.58162,2
E01003003,7.58204,2
E01003411,7.58226,2
E01003441,7.5885,2
E01003230,7.59146,2
E01001255,7.59409,2
E01000719,7.59905,2
E01002587,7.61344,2
E01001540,7.61475,2
E01000967,7.61754,2
E01003527,7.62543,2
E01001156,7.62603,2
E01001560,7.62764,2
E01003353,7.62812,2
E01000822,7.62967,2
E01003240,7.63215,2
E01004419,7.63494,2
E01003688,7.63509,2
E01001298,7.63516,2
E01004332,7.6391,2
E01004590,7.63914,2
E01000570,7.64249,2
E01000607,7.64317,2
E01033320,7.65315,2
E01001383,7.65866,2
E01002490,7.65883,2
E01001917,7.65932,2
E01001176,7.67048,2
E01002426,7.67344,2
E01032772,7.67776,2
E01003217,7.68964,2
E01004348,7.69029,2
E01002468,7.69237,2
E01003068,7.69285,2
E01003987,7.69713,2
E01001451,7.69967,2
E01003859,7.7087,2
E01000499,7.71305,2
E01001236,7.71747,2
E01004281,7.71844,2
E01001382,7.72576,2
E01003428,7.72666,2
E01001704,7.73242,2
E01000707,7.73403,2
E01001440,7.73512,2
E01003116,7.73523,2
E01003423,7.73632,2
E01000336,7.73991,2
E01001224,7.74107,2
E01004153,7.74196,2
E01004524,7.74452,2
E01002380,7.74859,2
E01003372,7.75141,2
E01003373,7.75243,2
E01002995,7.75627,2
E01000516,7.76751,2
E01001007,7.76895,2
E01001408,7.77197,2
E01001090,7.77526,2
E01001056,7.77681,2
E01001959,7.7849,2
E01001375,7.78994,2
E01004522,7.79099,2
E01001376,7.79113,2
E01001569,7.79299,2
E01000755,7.79559,2
E01000018,7.79741,2
E01003865,7.80001,2
E01002104,7.80842,2
E01003438,7.81078,2
E01003425,7.81253,2
E01001386,7.813,2
E01004414,7.81309,2
E01004418,7.81674,2
E01000119,7.81733,2
E01003572,7.81926,2
E01004080,7.82174,2
E01000044,7.82426,2
E01004556,7.82721,2
E01000491,7.82949,2
E01004102,7.83133,2
E01001815,7.84216,2
E01001515,7.84697,2
E01002408,7.85338,2
E01000384,7.85411,2
E01002478,7.85668,2
E01000399,7.85702,2
E01000370,7.8614,2
E01000216,7.86449,2
E01004631,7.86645,2
E01004242,7.86734,2
E01001315,7.86896,2
E01000669,7.87254,2
E01002578,7.87571,2
E01003450,7.87691,2
E01001495,7.87729,2
E01001359,7.88302,2
E01002568,7.88622,2
E01001439,7.88645,2
E01000479,7.89014,2
E01000292,7.89373,2
E01004179,7.89479,2
E01001791,7.89959,2
E01004155,7.90024,2
E01001282,7.90815,2
E01033584,7.90844,2
E01033456,7.92169,2
E01000288,7.92308,2
E01001418,7.92437,2
E01000180,7.92452,2
E01002646,7.92756,2
E01002238,7.93204,2
E01003281,7.93346,2
E01004191,7.93346,2
E01002174,7.93687,2
E01000404,7.93998,2
E01001597,7.94962,2
E01000864,7.95137,2
E01003991,7.95365,2
E01001214,7.95678,2
E01001304,7.96217,2
E01001398,7.97656,2
E01003142,7.97703,2
E01003415,7.98227,2
E01002417,7.98355,2
E01000130,7.98594,2
E01002630,7.98661,2
E01000433,7.98663,2
E01000803,7.98913,2
E01032743,7.99348,2
E01000615,7.99605,2
E01001820,7.99681,2
E01002485,7.99805,2
E01000015,8.00218,2
E01001024,8.00273,2
E01002563,8.00301,2
E01003892,8.00837,2
E01002287,8.01051,2
E01000131,8.02151,2
E01001613,8.022,2
E01001379,8.03295,2
E01001269,8.03445,2
E01000515,8.0366,2
E01000871,8.03756,2
E01001527,8.04305,2
E01000211,8.04389,2
E01000389,8.04967,2
E01003748,8.0499,2
E01000467,8.05372,2
E01002169,8.06062,2
E01001306,8.07006,2
E01001573,8.07363,2
E01002565,8.07513,2
E01003378,8.07733,2
E01001571,8.08865,2
E01000154,8.09233,2
E01003193,8.09475,2
E01003165,8.09615,2
E01003754,8.09736,2
E01000422,8.09823,2
E01032778,8.09907,2
E01004123,8.09932,2
E01000625,8.11045,2
E01003775,8.11085,2
E01003251,8.11297,2
E01001518,8.12546,2
E01004195,8.12768,2
E01004621,8.12815,2
E01000715,8.13084,2
E01000017,8.13106,2
E01003196,8.13494,2
E01002900,8.13953,2
E01003974,8.14664,2
E01000104,8.14693,2
E01004457,8.14907,2
E01002942,8.15116,2
E01002049,8.15298,2
E01002183,8.15405,2
E01000541,8.15972,2
E01004595,8.16102,2
E01000038,8.16169,2
E01002498,8.16469,2
E01002015,8.16937,2
E01002584,8.17202,2
E01033082,8.17297,2
E01003540,8.17328,2
E01000223,8.17411,2
E01004366,8.17483,2
E01001321,8.18287,2
E01000329,8.18342,2
E01003798,8.18431,2
E01000428,8.1844,2
E01001994,8.19696,2
E01001212,8.19776,2
E01001677,8.20099,2
E01004218,8.2124,2
E01002908,8.21471,2
E01004110,8.21861,2
E01003247,8.23366,2
E01004599,8.23379,2
E01003070,8.23455,2
E01000508,8.24534,2
E01000574,8.24672,2
E01001801,8.24835,2
E01000443,8.24924,2
E01000678,8.24981,2
E01000252,8.25142,2
E01001467,8.2603,2
E01001080,8.26183,2
E01001588,8.26205,2
E01004144,8.26523,2
E01003180,8.26596,2
E01001965,8.27244,2
E01000156,8.27521,2
E01003284,8.27736,2
E01004370,8.27916,2
E01001291,8.28013,2
E01001608,8.28302,2
E01003179,8.28656,2
E01000303,8.28821,2
E01002757,8.29549,2
E01002175,8.29943,2
E01001892,8.30423,2
E01000042,8.30855,2
E01000628,8.30931,2
E01004129,8.30992,2
E01003977,8.31895,2
E01004426,8.32215,2
E01003187,8.32304,2
E01002212,8.32745,2
E01003700,8.32919,2
E01000071,8.33051,2
E01001109,8.33191,2
E01002272,8.33791,2
E01004158,8.34463,2
E01002352,8.34995,2
E01002151,8.35077,2
E01001299,8.35692,2
E01003471,8.36264,2
E01032580,8.36314,2
E01000588,8.36612,2
E01004214,8.36729,2
E01001674,8.36951,2
E01001918,8.37168,2
E01001687,8.37282,2
E01004517,8.37734,2
E01004455,8.38165,2
E01004424,8.38387,2
E01004432,8.38416,2
E01003899,8.38603,2
E01003069,8.38767,2
E01001373,8.38886,2
E01002857,8.39096,2
E01003157,8.39312,2
E01004099,8.39646,2
E01002045,8.3973,2
E01003857,8.40079,2
E01002251,8.40357,2
E01000717,8.40682,2
E01001194,8.40939,2
E01001280,8.4103,2
E01004165,8.41102,2
E01002365,8.41191,2
E01001693,8.4216,2
E01004391,8.42353,2
E01000530,8.42489,2
E01001267,8.43174,2
E01032790,8.43204,2
E01001227,8.43299,2
E01004630,8.43483,2
E01002675,8.43561,2
E01003238,8.43619,2
E01002537,8.43779,2
E01003405,8.4381,2
E01001525,8.44202,2
E01000250,8.44907,2
E01001492,8.45374,2
E01000165,8.46204,2
E01001074,8.46334,2
E01003551,8.46534,2
E01001190,8.46571,2
E01003581,8.46808,2
E01001806,8.47984,2
E01004149,8.48156,2
E01001442,8.49161,2
E01003477,8.49447,2
E01000101,8.50155,2
E01001100,8.5088,2
E01001274,8.51362,2
E01000708,8.51443,2
E01001163,8.51488,2
E01003481,8.52493,2
E01004503,8.5282,2
E01003252,8.52874,2
E01003950,8.52976,2
E01003658,8.53341,2
E01033579,8.53524,2
E01001348,8.53537,2
E01001688,8.54149,2
E01003553,8.54471,2
E01001093,8.5519,2
E01000712,8.55572,2
E01001266,8.55925,2
E01004098,8.56129,2
E01001595,8.56484,2
E01003768,8.56739,2
E01003224,8.5704,2
E01003734,8.57234,2
E01000504,8.57409,2
E01000771,8.57668,2
E01000739,8.58272,2
E01000811,8.58318,2
E01003044,8.58579,2
E01003087,8.59491,2
E01001029,8.5968,2
E01003858,8.59697,2
E01032581,8.59884,2
E01002933,8.59956,2
E01003472,8.59958,2
E01001636,8.60371,2
E01003333,8.60585,2
E01000744,8.60885,2
E01003542,8.6113,2
E01004339,8.61273,2
E01002326,8.6144,2
E01004559,8.61938,2
E01004471,8.62942,2
E01003399,8.63119,2
E01001041,8.63452,2
E01001204,8.64414,2
E01003394,8.64656,2
E01002566,8.64747,2
E01000271,8.64929,2
E01001254,8.65546,2
E01003083,8.66415,2
E01004477,8.66716,2
E01000245,8.67382,2
E01000174,8.6766,2
E01002876,8.67856,2
E01000767,8.68145,2
E01002136,8.68371,2
E01003672,8.68981,2
E01000099,8.69356,2
E01001466,8.69508,2
E01003067,8.69628,2
E01032574,8.69645,2
E01003140,8.70002,2
E01002193,8.70022,2
E01001617,8.70298,2
E01004118,8.70308,2
E01000224,8.70412,2
E01003498,8.70789,2
E01003506,8.71337,2
E01003220,8.71375,2
E01003494,8.71752,2
E01001927,8.71771,2
E01003159,8.71851,2
E01002940,8.7198,2
E01003163,8.722,2
E01001701,8.72506,2
E01002495,8.72902,2
E01000105,8.73512,2
E01002245,8.73566,2
E01000069,8.74197,2
E01003993,8.74318,2
E01000507,8.74395,2
E01000543,8.75073,2
E01002043,8.75515,2
E01000311,8.75803,2
E01001849,8.76451,2
E01002239,8.775,2
E01001615,8.7768,2
E01000132,8.77909,2
E01003280,8.78508,2
E01000197,8.78544,2
E01002503,8.78564,2
E01002135,8.78637,2
E01004452,8.78723,2
E01000725,8.78743,2
E01003884,8.79312,2
E01001802,8.79326,2
E01000608,8.79538,2
E01000403,8.80012,2
E01003073,8.80687,2
E01002798,8.81845,2
E01001053,8.82031,2
E01002985,8.82064,2
E01033705,8.83017,2
E01001033,8.83296,2
E01004584,8.84053,2
E01002384,8.84161,2
E01000304,8.8424,2
E01000040,8.84287,2
E01003588,8.84529,2
E01002529,8.84538,2
E01003550,8.84625,2
E01033573,8.84797,2
E01004369,8.85394,2
E01004582,8.85485,2
E01001711,8.85746,2
E01003839,8.8592,2
E01002984,8.85963,2
E01002680,8.86699,2
E01001634,8.86992,2
E01004157,8.88097,2
E01000401,8.89078,2
E01001986,8.89272,2
E01032764,8.89615,2
E01000459,8.89682,2
E01000393,8.89689,2
E01033587,8.89731,2
E01002093,8.89795,2
E01001742,8.90139,2
E01003719,8.91242,2
E01001247,8.91473,2
E01002923,8.91763,2
E01001939,8.91826,2
E01002432,8.91863,2
E01000999,8.9207,2
E01002020,8.92241,2
E01001690,8.92488,2
E01002665,8.92733,2
E01002125,8.93262,2
E01002083,8.9375,2
E01004593,8.9423,2
E01003883,8.94369,2
E01000571,8.94558,2
E01003742,8.94613,2
E01002132,8.95376,2
E01032789,8.95676,2
E01003949,8.9703,2
E01001488,8.97276,2
E01002000,8.97775,2
E01001162,8.98123,2
E01002419,8.98279,2
E01000161,8.9865,2
E01003869,8.98656,2
E01000400,8.98779,2
E01002061,8.99378,2
E01003885,8.99399,2
E01003807,8.9982,2
E01001607,9.00437,2
E01004141,9.01052,2
E01000894,9.01057,2
E01004407,9.01108,2
E01001594,9.0159,2
E01004097,9.02662,2
E01000823,9.02786,2
E01003851,9.02874,2
E01002700,9.02898,2
E01002290,9.0321,2
E01001905,9.03335,2
E01003190,9.03507,2
E01004334,9.03801,2
E01003283,9.0419,2
E01002997,9.04422,2
E01001472,9.04637,2
E01001186,9.06555,2
E01002023,9.06737,2
E01002300,9.07751,2
E01004272,9.08353,2
E01000711,9.08395,2
E01003287,9.08738,2
E01002978,9.09938,2
E01003654,9.10697,2
E01000075,9.10764,2
E01000070,9.10851,2
E01003852,9.11213,2
E01003172,9.11749,2
E01002060,9.12136,2
E01001737,9.1234,2
E01004011,9.13617,2
E01004494,9.13805,2
E01033576,9.14271,2
E01003085,9.14784,2
E01001374,9.15249,2
E01000621,9.15382,2
E01000048,9.15384,2
E01002262,9.15477,2
E01003880,9.16008,2
E01000754,9.16566,2
E01004176,9.16698,2
E01001736,9.17179,2
E01003808,9.17568,2
E01003148,9.17663,2
E01001935,9.17794,2
E01001566,9.18119,2
E01033085,9.18168,2
E01003796,9.18269,2
E01002581,9.18293,2
E01000112,9.18364,2
E01002469,9.18638,2
E01001210,9.18685,2
E01003978,9.1896,2
E01003487,9.19012,2
E01002988,9.19711,2
E01003305,9.19896,2
E01004276,9.20007,2
E01000415,9.20133,2
E01003086,9.20239,2
E01001819,9.21499,2
E01004042,9.21558,2
E01000825,9.23473,2
E01004275,9.23665,2
E01001812,9.25814,2
E01000617,9.26087,2
E01001708,9.26431,2
E01032777,9.27339,2
E01001369,9.27497,2
E01001003,9.28069,2
E01001344,9.28445,2
E01003579,9.2847,2
E01004520,9.28821,2
E01002449,9.2895,2
E01004540,9.29058,2
E01002102,9.2948,2
E01001633,9.30835,2
E01004665,9.32441,2
E01000108,9.33338,2
E01003473,9.3407,2
E01004623,9.35767,2
E01003622,9.35835,2
E01004601,9.36867,2
E01000674,9.37129,2
E01003895,9.38301,2
E01004039,9.3833,2
E01004425,9.39685,2
E01003245,9.39909,2
E01032776,9.40102,2
E01003765,9.40376,2
E01002497,9.40414,2
E01003476,9.41269,2
E01002622,9.4186,2
E01000727,9.42892,2
E01003785,9.43934,2
E01001904,9.44211,2
E01003152,9.44354,2
E01002128,9.44402,2
E01000138,9.45002,2
E01004446,9.45084,2
E01003574,9.45188,2
E01001982,9.4591,2
E01001619,9.46064,2
E01002133,9.46915,2
E01002232,9.48991,2
E01002508,9.49981,2
E01004048,9.50077,2
E01004072,9.50563,2
E01003549,9.50751,2
E01003237,9.51019,2
E01003259,9.51516,2
E01003846,9.51632,2
E01001078,9.53696,2
E01000488,9.54141,2
E01000671,9.54497,2
E01002661,9.54538,2
E01003276,9.5468,2
E01033744,9.55278,2
E01003444,9.55427,2
E01004464,9.56506,2
E01002092,9.56843,2
E01001183,9.58315,2
E01002471,9.58352,2
E01002039,9.58881,2
E01004635,9.59074,2
E01001575,9.5996,2
E01002397,9.60724,2
E01001498,9.60804,2
E01003302,9.61131,2
E01000987,9.61284,2
E01001821,9.61633,2
E01003091,9.61675,2
E01000480,9.61889,2
E01003686,9.64144,2
E01000487,9.66145,2
E01000139,9.66322,2
E01001577,9.66747,2
E01000208,9.66822,2
E01000264,9.67157,2
E01001676,9.6746,2
E01004466,9.6755,2
E01003957,9.67947,2
E01000631,9.68867,2
E01004044,9.69192,2
E01001987,9.69473,2
E01001753,9.6969,2
E01001207,9.69748,2
E01003365,9.70537,2
E01003386,9.70758,2
E01003516,9.71119,2
E01000605,9.71468,2
E01032568,9.71689,2
E01000591,9.71764,2
E01002088,9.71797,2
E01000270,9.72547,2
E01003755,9.72685,2
E01033591,9.73046,2
E01003856,9.7375,2
E01033133,9.73973,2
E01002091,9.74264,2
E01003458,9.74523,2
E01000576,9.74891,2
E01001511,9.75486,2
E01000846,9.75495,2
E01000573,9.75537,2
E01000497,9.76612,2
E01003146,9.77088,2
E01000306,9.77151,2
E01002210,9.7752,2
E01001385,9.7759,2
E01003810,9.77638,2
E01000234,9.7775,2
E01000057,9.77781,2
E01004458,9.78418,2
E01003812,9.78575,2
E01000489,9.79021,2
E01001384,9.79337,2
E01000889,9.79357,2
E01004569,9.79405,2
E01001038,9.79688,2
E01003168,9.80337,2
E01003886,9.80734,2
E01004629,9.81205,2
E01001089,9.81301,2
E01001458,9.8188,2
E01003971,9.81908,2
E01001023,9.82117,2
E01003309,9.82283,2
E01002291,9.82435,2
E01003204,9.82798,2
E01003241,9.83008,2
E01000282,9.83365,2
E01002095,9.84374,2
E01002470,9.85336,2
E01003767,9.8553,2
E01001057,9.86611,2
E01003508,9.86684,2
E01002755,9.87745,2
E01002160,9.88061,2
E01001273,9.88804,2
E01000012,9.88853,2
E01000891,9.89852,2
E01004015,9.90461,2
E01003849,9.90835,2
E01001333,9.91969,2
E01000758,9.92109,2
E01000575,9.92625,2
E01002364,9.9276,2
E01001302,9.93113,2
E01001316,9.93163,2
E01004256,9.93596,2
E01001362,9.94365,2
E01003139,9.9444,2
E01003624,9.94472,2
E01002240,9.94698,2
E01004246,9.95712,2
E01001843,9.96109,2
E01003571,9.96182,2
E01004579,9.96349,2
E01004570,9.96677,2
E01001112,9.97048,2
E01002142,9.97474,2
E01002906,9.98178,2
E01033727,9.98278,2
E01000594,9.99203,2
E01003661,10.0028,3
E01004633,10.0095,3
E01000492,10.0314,3
E01001233,10.0338,3
E01003262,10.0345,3
E01003776,10.0381,3
E01003546,10.0394,3
E01004050,10.0401,3
E01003134,10.0408,3
E01004484,10.0522,3
E01003160,10.0541,3
E01004493,10.0567,3
E01001322,10.0571,3
E01002681,10.0638,3
E01000269,10.0654,3
E01003308,10.0731,3
E01002063,10.0755,3
E01000472,10.078,3
E01001258,10.0814,3
E01001956,10.0943,3
E01001592,10.0964,3
E01000842,10.0995,3
E01002040,10.1025,3
E01003170,10.103,3
E01033322,10.1046,3
E01002011,10.1289,3
E01001646,10.1326,3
E01003562,10.1345,3
E01003990,10.1368,3
E01003690,10.1387,3
E01000705,10.1412,3
E01003628,10.1447,3
E01000392,10.1463,3
E01001241,10.1476,3
E01004571,10.1479,3
E01003292,10.1528,3
E01003497,10.1559,3
E01003713,10.1651,3
E01001816,10.174,3
E01003349,10.1868,3
E01004632,10.1924,3
E01001151,10.1966,3
E01001858,10.1967,3
E01000300,10.2018,3
E01002743,10.2041,3
E01033132,10.2054,3
E01002594,10.2099,3
E01004470,10.2126,3
E01003705,10.2216,3
E01002360,10.2295,3
E01001888,10.2339,3
E01004557,10.2345,3
E01033093,10.2493,3
E01003561,10.2505,3
E01003194,10.2565,3
E01003676,10.2616,3
E01004217,10.2626,3
E01004562,10.2631,3
E01000162,10.2691,3
E01003385,10.2786,3
E01003586,10.2822,3
E01002157,10.2874,3
E01003773,10.2879,3
E01003589,10.2897,3
E01004007,10.294,3
E01001666,10.3022,3
E01000191,10.3052,3
E01003604,10.3079,3
E01000627,10.3219,3
E01000133,10.3242,3
E01003034,10.3259,3
E01000171,10.3336,3
E01000890,10.3358,3
E01001167,10.3416,3
E01001319,10.3462,3
E01001009,10.3522,3
E01003233,10.3549,3
E01002689,10.3571,3
E01002870,10.3626,3
E01001879,10.3642,3
E01001968,10.3643,3
E01000204,10.3708,3
E01004291,10.3743,3
E01003752,10.3979,3
E01004253,10.3979,3
E01001508,10.4037,3
E01032744,10.407,3
E01003674,10.4134,3
E01003285,10.417,3
E01001171,10.4173,3
E01003854,10.4275,3
E01003597,10.4285,3
E01003543,10.4335,3
E01000356,10.4442,3
E01001143,10.4443,3
E01003615,10.4453,3
E01001095,10.4548,3
E01001196,10.4556,3
E01001600,10.4615,3
E01001087,10.4633,3
E01004641,10.4686,3
E01003887,10.4687,3
E01004513,10.4749,3
E01002362,10.475,3
E01003033,10.477,3
E01001988,10.4791,3
E01001991,10.484,3
E01003122,10.5015,3
E01000797,10.5038,3
E01003027,10.5071,3
E01001419,10.5075,3
E01003144,10.5145,3
E01003046,10.5149,3
E01001706,10.5201,3
E01002690,10.5242,3
E01002804,10.5277,3
E01000098,10.5356,3
E01003718,10.5374,3
E01004221,10.543,3
E01003161,10.5455,3
E01000903,10.5565,3
E01003111,10.5588,3
E01001727,10.5672,3
E01004071,10.5773,3
E01001216,10.5839,3
E01033000,10.5897,3
E01002930,10.6018,3
E01001153,10.6048,3
E01003626,10.6049,3
E01001077,10.6093,3
E01000155,10.6106,3
E01001521,10.6177,3
E01004000,10.6244,3
E01004479,10.626,3
E01002067,10.6276,3
E01000638,10.6332,3
E01003621,10.64,3
E01001775,10.6423,3
E01003704,10.6473,3
E01004277,10.6494,3
E01000365,10.6495,3
E01001035,10.6528,3
E01004335,10.6568,3
E01000248,10.6572,3
E01001424,10.6606,3
E01000857,10.6665,3
E01002062,10.6669,3
E01003512,10.6689,3
E01003356,10.6759,3
E01003695,10.6778,3
E01001381,10.6817,3
E01000281,10.6943,3
E01002623,10.6973,3
E01003715,10.7001,3
E01001585,10.702,3
E01004512,10.7127,3
E01004019,10.7146,3
E01000235,10.7185,3
E01000145,10.7217,3
E01001520,10.7253,3
E01001845,10.7332,3
E01004410,10.7332,3
E01004499,10.7341,3
E01032638,10.7372,3
E01000134,10.7439,3
E01000859,10.7566,3
E01004489,10.7639,3
E01003409,10.7711,3
E01001303,10.7716,3
E01003392,10.7778,3
E01003254,10.7891,3
E01002176,10.7961,3
E01000984,10.7967,3
E01000878,10.8037,3
E01004497,10.8083,3
E01003382,10.8333,3
E01002806,10.8376,3
E01001142,10.8388,3
E01003326,10.8471,3
E01002506,10.8473,3
E01001822,10.8509,3
E01002097,10.8589,3
E01003863,10.863,3
E01001572,10.867,3
E01000478,10.8723,3
E01003989,10.8736,3
E01001589,10.8758,3
E01002100,10.882,3
E01001902,10.8894,3
E01001765,10.8911,3
E01002379,10.8987,3
E01003557,10.9019,3
E01002096,10.9024,3
E01002221,10.9068,3
E01003697,10.921,3
E01004643,10.9252,3
E01032788,10.9395,3
E01000125,10.9421,3
E01004615,10.9434,3
E01003749,10.9487,3
E01001864,10.95,3
E01001245,10.9502,3
E01002103,10.9507,3
E01003694,10.9536,3
E01004421,10.9562,3
E01002249,10.9572,3
E01002351,10.9577,3
E01000148,10.961,3
E01003261,10.9769,3
E01003089,10.9774,3
E01003898,10.9787,3
E01002153,10.9788,3
E01003286,10.9861,3
E01002182,10.9915,3
E01000788,10.9934,3
E01003295,10.9956,3
E01001318,10.9976,3
E01000136,11.0016,3
E01003480,11.0031,3
E01003651,11.0098,3
E01002016,11.0237,3
E01004037,11.0256,3
E01004257,11.0329,3
E01000722,11.0364,3
E01033578,11.0365,3
E01004554,11.0371,3
E01000301,11.0457,3
E01000251,11.0497,3
E01003986,11.0514,3
E01002807,11.054,3
E01003645,11.0549,3
E01000137,11.0554,3
E01001391,11.0617,3
E01003501,11.0793,3
E01001535,11.0794,3
E01001938,11.0812,3
E01002691,11.0845,3
E01002261,11.0923,3
E01003203,11.0974,3
E01003862,11.1,3
E01001002,11.113,3
E01003655,11.1138,3
E01001394,11.1366,3
E01003522,11.1395,3
E01004435,11.1424,3
E01000086,11.1452,3
E01000323,11.1452,3
E01004273,11.1519,3
E01003063,11.152,3
E01003800,11.1665,3
E01001954,11.1676,3
E01003596,11.1746,3
E01001578,11.2022,3
E01001501,11.203,3
E01003500,11.2105,3
E01001054,11.2116,3
E01002340,11.2165,3
E01003753,11.2186,3
E01003231,11.2202,3
E01000845,11.2277,3
E01002877,11.2309,3
E01003893,11.2322,3
E01000610,11.2324,3
E01004354,11.2345,3
E01003955,11.2355,3
E01000704,11.2437,3
E01003956,11.2466,3
E01002036,11.2604,3
E01004583,11.2688,3
E01004487,11.278,3
E01001925,11.2982,3
E01003022,11.2992,3
E01004038,11.3003,3
E01004139,11.3012,3
E01001990,11.3014,3
E01004533,11.3086,3
E01001178,11.3126,3
E01001903,11.3205,3
E01000327,11.3226,3
E01002242,11.3244,3
E01003397,11.3277,3
E01003374,11.3311,3
E01000481,11.3358,3
E01003138,11.3379,3
E01000706,11.3511,3
E01003917,11.3579,3
E01032780,11.3596,3
E01001423,11.3613,3
E01000531,11.3643,3
E01002741,11.3666,3
E01001139,11.3699,3
E01003868,11.3733,3
E01001396,11.3761,3
E01000983,11.3815,3
E01001977,11.3898,3
E01004368,11.3906,3
E01003031,11.4011,3
E01002521,11.4074,3
E01001667,11.4161,3
E01003958,11.4175,3
E01033099,11.4181,3
E01000568,11.4213,3
E01000886,11.4236,3
E01002800,11.4241,3
E01003530,11.425,3
E01001487,11.4269,3
E01003188,11.4345,3
E01001825,11.4349,3
E01003992,11.4361,3
E01032765,11.4463,3
E01001782,11.447,3
E01001741,11.4652,3
E01003988,11.4746,3
E01001300,11.4989,3
E01002575,11.5018,3
E01002684,11.5031,3
E01003675,11.5094,3
E01001752,11.5103,3
E01002017,11.5133,3
E01000424,11.5189,3
E01003964,11.5379,3
E01000475,11.5609,3
E01003576,11.5656,3
E01001886,11.57,3
E01003567,11.5719,3
E01000313,11.5842,3
E01002737,11.5847,3
E01003223,11.598,3
E01004460,11.5988,3
E01002006,11.6099,3
E01003534,11.6149,3
E01001312,11.6174,3
E01004587,11.6232,3
E01000986,11.6258,3
E01000299,11.6274,3
E01002758,11.6333,3
E01002593,11.6511,3
E01002639,11.6522,3
E01002056,11.6569,3
E01002118,11.6573,3
E01002682,11.6621,3
E01001960,11.6685,3
E01004244,11.6746,3
E01001930,11.6875,3
E01003342,11.6922,3
E01001189,11.7006,3
E01004226,11.7063,3
E01001933,11.7101,3
E01003343,11.7285,3
E01004295,11.7312,3
E01003509,11.7505,3
E01003323,11.7522,3
E01000745,11.7601,3
E01002880,11.7697,3
E01002567,11.7703,3
E01032781,11.7717,3
E01001811,11.7719,3
E01001874,11.7761,3
E01002028,11.7926,3
E01004035,11.7992,3
E01000298,11.8161,3
E01000632,11.8169,3
E01000215,11.8196,3
E01002788,11.8217,3
E01033586,11.8331,3
E01003263,11.8404,3
E01003265,11.8456,3
E01003264,11.848,3
E01002161,11.8566,3
E01003461,11.8566,3
E01003601,11.8572,3
E01000512,11.8663,3
E01002022,11.8705,3
E01001887,11.8706,3
E01004312,11.8744,3
E01001861,11.8767,3
E01000805,11.8833,3
E01001259,11.8867,3
E01002386,11.8945,3
E01000317,11.8963,3
E01002407,11.9001,3
E01000493,11.9052,3
E01001357,11.922,3
E01003336,11.923,3
E01001223,11.9416,3
E01001675,11.9421,3
E01004032,11.9534,3
E01004596,11.9748,3
E01001181,11.9839,3
E01002921,12.0097,3
E01004577,12.0118,3
E01032834,12.0133,3
E01000307,12.0153,3
E01033081,12.031,3
E01001246,12.0336,3
E01001231,12.0345,3
E01001713,12.0349,3
E01001807,12.0374,3
E01001114,12.0425,3
E01001586,12.0453,3
E01003173,12.0556,3
E01000743,12.0566,3
E01004215,12.0652,3
E01000124,12.0727,3
E01004739,12.0735,3
E01002078,12.0741,3
E01003769,12.0816,3
E01004669,12.0823,3
E01000700,12.0873,3
E01001152,12.0905,3
E01001728,12.0922,3
E01003912,12.0922,3
E01002218,12.0948,3
E01004248,12.1009,3
E01003486,12.1017,3
E01000848,12.1022,3
E01002624,12.1203,3
E01003914,12.1314,3
E01002257,12.1395,3
E01003335,12.1408,3
E01001906,12.1411,3
E01004052,12.157,3
E01002677,12.16,3
E01004297,12.1682,3
E01003232,12.1692,3
E01000895,12.1695,3
E01001863,12.1746,3
E01001719,12.1771,3
E01033101,12.189,3
E01003954,12.1921,3
E01004594,12.2077,3
E01001544,12.2089,3
E01000802,12.2123,3
E01001638,12.2137,3
E01000309,12.2164,3
E01001040,12.2173,3
E01004668,12.2224,3
E01001593,12.2245,3
E01003488,12.2265,3
E01032779,12.2365,3
E01003282,12.2367,3
E01003729,12.2424,3
E01002744,12.2513,3
E01004296,12.2547,3
E01002050,12.2594,3
E01004462,12.2619,3
E01001746,12.2626,3
E01000494,12.2633,3
E01003077,12.2636,3
E01001244,12.2666,3
E01002784,12.2714,3
E01004580,12.2759,3
E01003257,12.2781,3
E01000800,12.2805,3
E01003072,12.2842,3
E01003454,12.288,3
E01000416,12.2915,3
E01001192,12.2994,3
E01001350,12.3029,3
E01003668,12.3085,3
E01002965,12.3095,3
E01000580,12.3222,3
E01000221,12.3329,3
E01004538,12.3448,3
E01000730,12.3459,3
E01004505,12.3564,3
E01002236,12.3702,3
E01033597,12.3739,3
E01001175,12.3777,3
E01000142,12.39,3
E01003352,12.3979,3
E01000273,12.4013,3
E01001213,12.407,3
E01003227,12.4123,3
E01003273,12.4163,3
E01002137,12.4214,3
E01004258,12.4286,3
E01003274,12.4371,3
E01003714,12.4423,3
E01003078,12.4536,3
E01003389,12.4572,3
E01004070,12.4585,3
E01001001,12.4606,3
E01000462,12.4633,3
E01002811,12.4653,3
E01001457,12.4755,3
E01003975,12.4847,3
E01002708,12.4908,3
E01003570,12.5414,3
E01000796,12.5417,3
E01000843,12.5542,3
E01003080,12.5591,3
E01001793,12.5594,3
E01004394,12.5617,3
E01001283,12.5627,3
E01003608,12.564,3
E01004490,12.5664,3
E01004172,12.5683,3
E01003459,12.5736,3
E01002643,12.5738,3
E01003371,12.5798,3
E01003213,12.5838,3
E01000506,12.5957,3
E01004363,12.5971,3
E01001432,12.6065,3
E01000981,12.608,3
E01004396,12.6081,3
E01002361,12.6083,3
E01004606,12.614,3
E01001717,12.6286,3
E01000220,12.6312,3
E01004041,12.6324,3
E01002683,12.6331,3
E01002014,12.6367,3
E01000536,12.6452,3
E01001895,12.6465,3
E01001973,12.6488,3
E01002047,12.6546,3
E01001185,12.6578,3
E01003647,12.6805,3
E01001507,12.6828,3
E01003403,12.683,3
E01002864,12.6985,3
E01001580,12.703,3
E01001662,12.7075,3
E01001738,12.7076,3
E01002080,12.7082,3
E01004408,12.7175,3
E01003200,12.7205,3
E01002760,12.7212,3
E01002213,12.724,3
E01003322,12.7278,3
E01033732,12.7407,3
E01032640,12.7426,3
E01003874,12.7463,3
E01003079,12.7581,3
E01000630,12.7712,3
E01004598,12.7798,3
E01003341,12.7855,3
E01004219,12.7868,3
E01004617,12.7871,3
E01004423,12.7881,3
E01004314,12.7925,3
E01001168,12.7933,3
E01002123,12.7937,3
E01003228,12.8146,3
E01000888,12.8189,3
E01000560,12.8268,3
E01001250,12.8333,3
E01002070,12.8373,3
E01003972,12.8418,3
E01003329,12.844,3
E01004174,12.8441,3
E01000013,12.8497,3
E01001699,12.8503,3
E01001554,12.8517,3
E01001243,12.8523,3
E01002954,12.8613,3
E01002715,12.8668,3
E01003696,12.8714,3
E01000742,12.8807,3
E01003646,12.8825,3
E01002044,12.8924,3
E01003592,12.8989,3
E01004461,12.9027,3
E01033713,12.9078,3
E01003092,12.9094,3
E01001367,12.9146,3
E01002993,12.9154,3
E01004495,12.9195,3
E01003037,12.9224,3
E01003279,12.9251,3
E01003345,12.9267,3
E01000740,12.9289,3
E01002079,12.9297,3
E01000535,12.9317,3
E01000907,12.9411,3
E01002233,12.9459,3
E01003789,12.946,3
E01001277,12.9525,3
E01003290,12.9814,3
E01004721,12.9825,3
E01001591,12.9836,3
E01004047,12.9854,3
E01003555,12.9856,3
E01000268,12.9888,3
E01003293,12.9967,3
E01003590,12.9989,3
E01001505,13.0023,3
E01003587,13.0069,3
E01002769,13.0128,3
E01003585,13.0255,3
E01003599,13.035,3
E01000218,13.0561,3
E01000533,13.0583,3
E01000634,13.0594,3
E01003573,13.0616,3
E01002810,13.065,3
E01001116,13.0684,3
E01033599,13.0746,3
E01002699,13.1034,3
E01004239,13.1095,3
E01033736,13.1095,3
E01003331,13.1101,3
E01003272,13.1302,3
E01002756,13.1393,3
E01004028,13.1604,3
E01004178,13.1656,3
E01003983,13.1685,3
E01001891,13.1691,3
E01004393,13.1717,3
E01001848,13.1728,3
E01001945,13.1744,3
E01003443,13.1774,3
E01002967,13.1868,3
E01000798,13.1947,3
E01001915,13.195,3
E01000510,13.202,3
E01003357,13.2073,3
E01001785,13.2164,3
E01004333,13.2195,3
E01000592,13.2208,3
E01004013,13.2262,3
E01000237,13.2423,3
E01003453,13.2562,3
E01000876,13.2578,3
E01004482,13.2583,3
E01003277,13.2626,3
E01003558,13.2659,3
E01032742,13.2774,3
E01033135,13.2881,3
E01000998,13.3114,3
E01001772,13.3143,3
E01033698,13.319,3
E01001862,13.3214,3
E01003634,13.3306,3
E01002937,13.3338,3
E01000677,13.3349,3
E01004143,13.3369,3
E01001668,13.3434,3
E01000085,13.354,3
E01003019,13.3639,3
E01002855,13.3668,3
E01000143,13.3715,3
E01000362,13.3718,3
E01000701,13.3757,3
E01001997,13.3985,3
E01000993,13.4027,3
E01004252,13.4123,3
E01002005,13.4137,3
E01001700,13.4149,3
E01004753,13.4217,3
E01003162,13.4248,3
E01004006,13.4358,3
E01001799,13.4412,3
E01004610,13.4435,3
E01003864,13.4437,3
E01001005,13.4558,3
E01002054,13.4576,3
E01000997,13.4618,3
E01003301,13.4641,3
E01003315,13.4673,3
E01000473,13.4771,3
E01004059,13.4799,3
E01001512,13.4882,3
E01000559,13.5089,3
E01003894,13.5098,3
E01003980,13.5118,3
E01000181,13.512,3
E01003253,13.518,3
E01000523,13.5184,3
E01002535,13.5315,3
E01001113,13.532,3
E01002180,13.5348,3
E01002001,13.5396,3
E01002206,13.5463,3
E01003490,13.5659,3
E01000097,13.5681,3
E01003701,13.5737,3
E01001118,13.5769,3
E01004511,13.5808,3
E01001975,13.5859,3
E01001251,13.5876,3
E01004591,13.604,3
E01002805,13.6194,3
E01000182,13.6215,3
E01033424,13.6347,3
E01001377,13.6397,3
E01003493,13.6422,3
E01001901,13.643,3
E01000302,13.6518,3
E01000127,13.6639,3
E01002514,13.67,3
E01002649,13.6751,3
E01000829,13.6763,3
E01004467,13.6789,3
E01001536,13.6859,3
E01001450,13.6899,3
E01002612,13.6911,3
E01004445,13.6911,3
E01004465,13.6936,3
E01004367,13.6937,3
E01000532,13.6946,3
E01004754,13.6958,3
E01001117,13.7008,3
E01000084,13.7016,3
E01002852,13.7034,3
E01003662,13.7061,3
E01002789,13.719,3
E01000844,13.7274,3
E01003216,13.7351,3
E01002660,13.7367,3
E01000128,13.7424,3
E01000877,13.7449,3
E01002046,13.7463,3
E01000869,13.7606,3
E01001085,13.767,3
E01000113,13.7694,3
E01003653,13.7706,3
E01001239,13.7945,3
E01003388,13.7995,3
E01004519,13.8204,3
E01001154,13.8275,3
E01000295,13.8358,3
E01003074,13.8474,3
E01002119,13.8498,3
E01003344,13.861,3
E01002714,13.8613,3
E01002663,13.8664,3
E01001590,13.8709,3
E01001360,13.8747,3
E01001226,13.8816,3
E01000414,13.9041,3
E01001260,13.9184,3
E01003048,13.923,3
E01003075,13.9332,3
E01001393,13.937,3
E01001203,13.9405,3
E01001860,13.9434,3
E01004146,13.9695,3
E01001665,13.9742,3
E01001358,13.978,3
E01003066,13.9904,3
E01004430,13.994,3
E01004024,14.0108,3
E01004589,14.0135,3
E01000394,14.0219,3
E01004752,14.0383,3
E01004029,14.0459,3
E01033738,14.0526,3
E01000971,14.0632,3
E01000366,14.0723,3
E01004045,14.0821,3
E01001534,14.0825,3
E01032512,14.0845,3
E01000457,14.0898,3
E01001392,14.0902,3
E01032575,14.0984,3
E01004611,14.0996,3
E01004308,14.1019,3
E01002989,14.104,3
E01002573,14.1086,3
E01000135,14.112,3
E01004563,14.1146,3
E01004170,14.1159,3
E01003212,14.1259,3
E01004300,14.1297,3
E01003779,14.1475,3
E01000637,14.1587,3
E01003524,14.1614,3
E01001798,14.1817,3
E01004564,14.1823,3
E01001000,14.1848,3
E01003379,14.1878,3
E01001850,14.1938,3
E01003025,14.2014,3
E01003015,14.2017,3
E01004727,14.2066,3
E01000482,14.2131,3
E01001604,14.2134,3
E01001272,14.226,3
E01003310,14.2304,3
E01003393,14.2501,3
E01003564,14.2555,3
E01003256,14.2561,3
E01002709,14.2635,3
E01003877,14.2639,3
E01001890,14.2658,3
E01003036,14.2672,3
E01001755,14.2696,3
E01001796,14.2713,3
E01001380,14.297,3
E01001880,14.2973,3
E01003781,14.3034,3
E01000310,14.3053,3
E01001111,14.3067,3
E01004177,14.3201,3
E01001710,14.322,3
E01002785,14.3248,3
E01004283,14.3323,3
E01002209,14.348,3
E01003021,14.3662,3
E01003071,14.37,3
E01002204,14.3788,3
E01000897,14.3809,3
E01001722,14.3868,3
E01001252,14.4075,3
E01001949,14.411,3
E01001847,14.4159,3
E01001781,14.4218,3
E01003911,14.4313,3
E01001361,14.4368,3
E01000140,14.4369,3
E01004060,14.4392,3
E01001916,14.4495,3
E01004271,14.4529,3
E01000699,14.458,3
E01001774,14.4646,3
E01002897,14.4677,3
E01032782,14.4766,3
E01000935,14.4827,3
E01000360,14.4859,3
E01001165,14.4908,3
E01001826,14.5083,3
E01000511,14.5092,3
E01004442,14.5132,3
E01000581,14.5167,3
E01002879,14.524,3
E01000194,14.5302,3
E01001323,14.5307,3
E01003948,14.5318,3
E01001387,14.556,3
E01000709,14.5586,3
E01002935,14.5649,3
E01004030,14.5679,3
E01004447,14.5899,3
E01002243,14.5988,3
E01001844,14.6016,3
E01004247,14.6086,3
E01032637,14.6178,3
E01001999,14.619,3
E01032771,14.6488,3
E01003141,14.6503,3
E01003236,14.6559,3
E01004444,14.6701,3
E01003221,14.6721,3
E01004647,14.6747,3
E01004318,14.6763,3
E01001389,14.6839,3
E01000896,14.6895,3
E01002580,14.6921,3
E01002964,14.6954,3
E01001705,14.6976,3
E01000644,14.7144,3
E01004498,14.718,3
E01001739,14.7287,3
E01003848,14.7372,3
E01033030,14.7487,3
E01001530,14.7596,3
E01003317,14.7619,3
E01001922,14.7793,3
E01003533,14.7881,3
E01000801,14.7884,3
E01003499,14.7938,3
E01001889,14.7943,3
E01004724,14.7958,3
E01002895,14.7983,3
E01003568,14.7992,3
E01004074,14.8058,3
E01002974,14.8214,3
E01002854,14.8258,3
E01003359,14.8343,3
E01000196,14.8434,3
E01002074,14.8566,3
E01003198,14.8733,3
E01032768,14.877,3
E01004073,14.8779,3
E01003076,14.881,3
E01001833,14.8838,3
E01002041,14.8993,3
E01003507,14.9125,3
E01001621,14.9499,3
E01002753,14.9552,3
E01033153,14.958,3
E01003147,14.9645,3
E01001932,14.9761,3
E01004023,14.9858,3
E01000639,14.9881,3
E01004364,15.0114,4
E01004549,15.0177,4
E01002127,15.019,4
E01032784,15.0273,4
E01033746,15.0376,4
E01001773,15.0402,4
E01002353,15.0407,4
E01003121,15.0485,4
E01001924,15.0524,4
E01002872,15.0586,4
E01001712,15.0733,4
E01004618,15.0874,4
E01004374,15.0918,4
E01003199,15.0987,4
E01003598,15.103,4
E01002219,15.1296,4
E01003367,15.1653,4
E01000296,15.1738,4
E01003171,15.1769,4
E01003214,15.1842,4
E01000824,15.2024,4
E01001555,15.2054,4
E01004496,15.2059,4
E01000703,15.206,4
E01033098,15.2105,4
E01004627,15.2117,4
E01003492,15.2202,4
E01003882,15.2224,4
E01003082,15.2229,4
E01001234,15.2299,4
E01000578,15.2515,4
E01004068,15.2535,4
E01004262,15.2535,4
E01003926,15.2557,4
E01003205,15.2562,4
E01001155,15.2598,4
E01000558,15.2603,4
E01002048,15.2797,4
E01002999,15.2879,4
E01002781,15.2952,4
E01003300,15.2972,4
E01003112,15.3227,4
E01004285,15.334,4
E01001188,15.3515,4
E01001948,15.38,4
E01001754,15.3818,4
E01004238,15.3986,4
E01000611,15.3999,4
E01004140,15.4032,4
E01004501,15.415,4
E01002007,15.4195,4
E01002905,15.4256,4
E01001928,15.4347,4
E01002840,15.4357,4
E01004303,15.4393,4
E01002766,15.447,4
E01003184,15.447,4
E01001581,15.4786,4
E01001725,15.4884,4
E01004543,15.4997,4
E01002009,15.4999,4
E01003782,15.5176,4
E01003627,15.5244,4
E01000910,15.5272,4
E01000900,15.5365,4
E01001972,15.543,4
E01001745,15.554,4
E01003026,15.5617,4
E01004022,15.5619,4
E01001969,15.5637,4
E01004706,15.5678,4
E01003211,15.568,4
E01004725,15.5801,4
E01003556,15.5927,4
E01004021,15.6019,4
E01003381,15.6208,4
E01003167,15.6214,4
E01004046,15.6247,4
E01000892,15.6248,4
E01004340,15.638,4
E01002853,15.6514,4
E01000068,15.6613,4
E01001840,15.676,4
E01033730,15.6793,4
E01002802,15.6816,4
E01003637,15.6829,4
E01004550,15.6838,4
E01002641,15.6853,4
E01004531,15.6948,4
E01000214,15.6961,4
E01000849,15.6973,4
E01002027,15.7054,4
E01001519,15.7112,4
E01000806,15.7122,4
E01001664,15.7137,4
E01004719,15.7228,4
E01003226,15.7422,4
E01003952,15.7483,4
E01004707,15.7488,4
E01002738,15.7518,4
E01003777,15.781,4
E01003439,15.7918,4
E01003593,15.7937,4
E01000957,15.7941,4
E01000949,15.7971,4
E01001425,15.8065,4
E01001632,15.8114,4
E01002745,15.8285,4
E01003029,15.8334,4
E01000847,15.8541,4
E01000616,15.8569,4
E01002489,15.8571,4
E01004150,15.8633,4
E01002768,15.8729,4
E01033585,15.8774,4
E01000293,15.8916,4
E01032786,15.8991,4
E01004034,15.9065,4
E01001356,15.9151,4
E01001976,15.9156,4
E01004760,15.923,4
E01001355,15.9439,4
E01001261,15.9486,4
E01002844,15.9614,4
E01002038,15.9766,4
E01004373,16.0023,4
E01003202,16.0043,4
E01001202,16.0171,4
E01003966,16.0208,4
E01002130,16.0276,4
E01000495,16.028,4
E01033324,16.0299,4
E01000977,16.0429,4
E01004287,16.0639,4
E01003327,16.0767,4
E01004542,16.0873,4
E01001528,16.0979,4
E01003606,16.1034,4
E01004003,16.107,4
E01003369,16.1192,4
E01000612,16.1323,4
E01000599,16.1343,4
E01003778,16.1419,4
E01000934,16.1563,4
E01002064,16.1643,4
E01003565,16.1714,4
E01003045,16.1744,4
E01002640,16.1767,4
E01000553,16.1841,4
E01004607,16.1874,4
E01003600,16.1935,4
E01001931,16.1988,4
E01000879,16.1995,4
E01004040,16.2013,4
E01004371,16.221,4
E01001951,16.2278,4
E01002809,16.2399,4
E01000546,16.2416,4
E01004720,16.2515,4
E01001097,16.2578,4
E01000314,16.2654,4
E01001913,16.2786,4
E01001275,16.2805,4
E01002687,16.2987,4
E01001460,16.3193,4
E01000901,16.3288,4
E01003925,16.3353,4
E01002779,16.3356,4
E01001923,16.337,4
E01004547,16.346,4
E01003591,16.3713,4
E01002179,16.3917,4
E01004565,16.4114,4
E01001491,16.4316,4
E01001750,16.4422,4
E01000958,16.4545,4
E01000636,16.4564,4
E01004152,16.4609,4
E01004237,16.4633,4
E01001733,16.4773,4
E01033568,16.4811,4
E01004289,16.4882,4
E01004284,16.4907,4
E01002990,16.5117,4
E01001947,16.5145,4
E01003953,16.5283,4
E01004254,16.5433,4
E01003636,16.5528,4
E01002237,16.557,4
E01001609,16.5601,4
E01002034,16.5759,4
E01033608,16.5881,4
E01002692,16.6153,4
E01003390,16.621,4
E01001970,16.6228,4
E01000799,16.6313,4
E01001353,16.6355,4
E01003291,16.6392,4
E01001278,16.6419,4
E01004317,16.6449,4
E01000547,16.6603,4
E01004392,16.6604,4
E01004301,16.6605,4
E01002843,16.6773,4
E01004528,16.6812,4
E01000865,16.6931,4
E01000926,16.7007,4
E01003594,16.7124,4
E01000219,16.7239,4
E01002901,16.7271,4
E01000141,16.7274,4
E01003979,16.7293,4
E01004534,16.7447,4
E01003605,16.7475,4
E01003999,16.7512,4
E01000880,16.754,4
E01001673,16.7648,4
E01000330,16.7814,4
E01003961,16.795,4
E01002694,16.7958,4
E01000911,16.812,4
E01002899,16.8135,4
E01002830,16.822,4
E01033325,16.8302,4
E01000582,16.8394,4
E01004612,16.8562,4
E01002662,16.8635,4
E01000544,16.8645,4
E01003446,16.8657,4
E01004646,16.8788,4
E01003051,16.8855,4
E01001837,16.8873,4
E01002574,16.9315,4
E01003692,16.9383,4
E01003042,16.9672,4
E01003328,16.9709,4
E01001644,16.9739,4
E01032572,16.9871,4
E01001164,16.9964,4
E01003523,17.0001,4
E01001885,17.0032,4
E01002787,17.007,4
E01000924,17.0254,4
E01003081,17.0437,4
E01001215,17.053,4
E01004670,17.091,4
E01002645,17.1036,4
E01001940,17.1055,4
E01003602,17.1374,4
E01003525,17.1618,4
E01002664,17.1743,4
E01002783,17.186,4
E01002725,17.2051,4
E01003396,17.2088,4
E01000928,17.2113,4
E01000976,17.2226,4
E01001776,17.2343,4
E01003174,17.2591,4
E01002099,17.2654,4
E01001942,17.2917,4
E01004488,17.3002,4
E01004476,17.3138,4
E01000887,17.3326,4
E01001640,17.3594,4
E01004324,17.3629,4
E01003097,17.37,4
E01001249,17.3756,4
E01000741,17.3839,4
E01000521,17.3932,4
E01033607,17.4035,4
E01004722,17.4055,4
E01003113,17.4121,4
E01004480,17.4137,4
E01001558,17.4216,4
E01000906,17.4388,4
E01004614,17.457,4
E01003976,17.4599,4
E01003255,17.4788,4
E01001764,17.4867,4
E01002087,17.5001,4
E01002759,17.5068,4
E01003896,17.5269,4
E01004436,17.5286,4
E01003136,17.5388,4
E01003084,17.5407,4
E01003788,17.5593,4
E01004756,17.5612,4
E01001926,17.5855,4
E01001907,17.5976,4
E01003150,17.5978,4
E01000714,17.641,4
E01000978,17.6443,4
E01004689,17.6492,4
E01003529,17.6533,4
E01004319,17.6796,4
E01003145,17.6799,4
E01001222,17.6836,4
E01002648,17.6963,4
E01002030,17.7077,4
E01001238,17.7121,4
E01002912,17.7145,4
E01002913,17.7192,4
E01004688,17.7236,4
E01002829,17.7358,4
E01000670,17.769,4
E01004228,17.7761,4
E01002058,17.7763,4
E01003321,17.7818,4
E01001767,17.7853,4
E01004051,17.7881,4
E01004472,17.8063,4
E01001998,17.8141,4
E01000584,17.8249,4
E01004648,17.8363,4
E01003030,17.8545,4
E01001834,17.8562,4
E01004036,17.8675,4
E01001166,17.8908,4
E01001768,17.8976,4
E01032579,17.9163,4
E01003526,17.9218,4
E01000549,17.9264,4
E01001751,17.9346,4
E01001855,17.941,4
E01001946,17.958,4
E01033707,17.9614,4
E01004201,17.97,4
E01001144,17.9716,4
E01001792,17.9796,4
E01001870,17.98,4
E01000641,18.0071,4
E01004412,18.0078,4
E01001430,18.0094,4
E01000702,18.0114,4
E01004255,18.0261,4
E01003024,18.029,4
E01002845,18.0303,4
E01004049,18.0372,4
E01000875,18.0443,4
E01001944,18.079,4
E01003325,18.1044,4
E01003997,18.1233,4
E01000872,18.1271,4
E01004298,18.1412,4
E01001170,18.1706,4
E01001784,18.1712,4
E01000898,18.2024,4
E01002721,18.2048,4
E01003178,18.2272,4
E01003496,18.2305,4
E01004293,18.2676,4
E01003426,18.2683,4
E01004439,18.2927,4
E01003918,18.3059,4
E01002867,18.3102,4
E01003052,18.3225,4
E01001720,18.3275,4
E01004294,18.3472,4
E01000490,18.3495,4
E01002032,18.3587,4
E01001388,18.3653,4
E01003595,18.3689,4
E01004509,18.3713,4
E01004507,18.3812,4
E01002782,18.3931,4
E01033598,18.4062,4
E01003616,18.4104,4
E01004304,18.4622,4
E01002703,18.4736,4
E01001046,18.4794,4
E01000579,18.4863,4
E01001882,18.4879,4
E01003569,18.4912,4
E01004263,18.492,4
E01002890,18.4954,4
E01003370,18.5115,4
E01002742,18.5161,4
E01003941,18.5282,4
E01001641,18.5339,4
E01001950,18.5463,4
E01001485,18.6152,4
E01002909,18.6154,4
E01001830,18.6267,4
E01004405,18.6269,4
E01003334,18.6328,4
E01001908,18.6434,4
E01032769,18.6482,4
E01000642,18.6523,4
E01004305,18.6867,4
E01002972,18.6912,4
E01002752,18.6918,4
E01001352,18.7294,4
E01001842,18.7329,4
E01002987,18.7337,4
E01001697,18.7376,4
E01003206,18.7593,4
E01004546,18.7631,4
E01000193,18.7665,4
E01003566,18.7944,4
E01004718,18.826,4
E01004692,18.8317,4
E01004709,18.8558,4
E01003185,18.8636,4
E01000929,18.8707,4
E01004064,18.8851,4
E01003630,18.8899,4
E01000948,18.9075,4
E01003360,18.9154,4
E01003897,18.9194,4
E01000925,18.9249,4
E01001191,18.9317,4
E01003151,18.9408,4
E01003427,18.9644,4
E01001974,18.9785,4
E01002068,18.9982,4
E01001835,19.0107,4
E01003169,19.0473,4
E01004711,19.0538,4
E01001911,19.0584,4
E01000790,19.0709,4
E01003502,19.0821,4
E01003531,19.0848,4
E01001723,19.0967,4
E01001740,19.0988,4
E01002771,19.1004,4
E01000129,19.1148,4
E01004267,19.1245,4
E01004676,19.134,4
E01004677,19.1344,4
E01004260,19.1351,4
E01004225,19.1423,4
E01001729,19.161,4
E01004755,19.1857,4
E01002733,19.2337,4
E01003095,19.2426,4
E01033492,19.2498,4
E01003129,19.2657,4
E01002878,19.2722,4
E01004162,19.2882,4
E01001795,19.2917,4
E01004757,19.2998,4
E01001971,19.3144,4
E01001783,19.3269,4
E01001351,19.3346,4
E01004375,19.3632,4
E01004290,19.3875,4
E01001354,19.3895,4
E01004204,19.4176,4
E01002073,19.4341,4
E01000966,19.4401,4
E01000905,19.4448,4
E01000922,19.4699,4
E01001730,19.4725,4
E01002358,19.4798,4
E01002570,19.48,4
E01001011,19.4987,4
E01001809,19.5052,4
E01002055,19.5101,4
E01001929,19.513,4
E01003098,19.5146,4
E01002722,19.5289,4
E01004600,19.5451,4
E01000970,19.546,4
E01033589,19.5481,4
E01003967,19.5535,4
E01004156,19.5736,4
E01003489,19.5765,4
E01003984,19.5785,4
E01003058,19.5905,4
E01002693,19.5917,4
E01000583,19.6231,4
E01000585,19.633,4
E01002797,19.6368,4
E01002865,19.6447,4
E01004674,19.6495,4
E01004701,19.6901,4
E01033457,19.695,4
E01001390,19.7375,4
E01000882,19.7405,4
E01033701,19.7419,4
E01003923,19.7512,4
E01003607,19.7855,4
E01004065,19.7856,4
E01000557,19.7973,4
E01003963,19.8044,4
E01003038,19.8097,4
E01002077,19.8146,4
E01000545,19.8165,4
E01001805,19.848,4
E01001726,19.85,4
E01003040,19.8659,4
E01033487,19.8834,4
E01004337,19.9124,4
E01002831,19.913,4
E01004729,19.9178,4
E01033712,19.9287,4
E01004723,19.9288,4
E01033600,19.9535,4
E01003491,19.9573,4
E01001829,19.9613,4
E01000051,19.9744,4
E01004420,19.9921,4
E01001883,19.9928,4
E01003123,20.002,5
E01002903,20.0024,5
E01000551,20.0134,5
E01000746,20.0152,5
E01003133,20.0179,5
E01003304,20.026,5
E01032573,20.0467,5
E01001145,20.051,5
E01002764,20.0514,5
E01001047,20.0575,5
E01003969,20.0611,5
E01032513,20.0922,5
E01004251,20.1066,5
E01004313,20.1091,5
E01004708,20.1143,5
E01004286,20.1193,5
E01001800,20.1445,5
E01002004,20.1519,5
E01001814,20.1544,5
E01001909,20.1574,5
E01001136,20.1776,5
E01003062,20.178,5
E01003319,20.1814,5
E01003096,20.1827,5
E01004202,20.1892,5
E01000870,20.1961,5
E01004473,20.1986,5
E01004726,20.1994,5
E01003559,20.2007,5
E01004288,20.2199,5
E01003155,20.2287,5
E01002698,20.2571,5
E01004515,20.2578,5
E01004679,20.2612,5
E01000923,20.2642,5
E01002053,20.2653,5
E01004653,20.2675,5
E01003114,20.2718,5
E01002765,20.2776,5
E01003177,20.2889,5
E01002888,20.3276,5
E01004437,20.3408,5
E01000862,20.3473,5
E01033601,20.3631,5
E01002749,20.383,5
E01001037,20.3903,5
E01004004,20.4079,5
E01003018,20.4425,5
E01004005,20.4442,5
E01004236,20.4517,5
E01004500,20.4521,5
E01000192,20.4687,5
E01002868,20.5049,5
E01001014,20.5257,5
E01001714,20.5382,5
E01001897,20.5473,5
E01003633,20.5572,5
E01000561,20.6091,5
E01003186,20.6128,5
E01004566,20.6153,5
E01003919,20.6376,5
E01000006,20.6621,5
E01001981,20.6788,5
E01004475,20.6896,5
E01003088,20.7055,5
E01000525,20.7086,5
E01033583,20.7289,5
E01003059,20.7362,5
E01004302,20.7389,5
E01004703,20.7443,5
E01001429,20.7445,5
E01003115,20.7487,5
E01001228,20.7611,5
E01001832,20.7732,5
E01000946,20.7893,5
E01001631,20.7971,5
E01003056,20.7972,5
E01003210,20.813,5
E01002723,20.8159,5
E01002856,20.8348,5
E01001529,20.8705,5
E01004650,20.88,5
E01004061,20.8862,5
E01002911,20.9044,5
E01001910,20.924,5
E01003106,20.9315,5
E01004441,20.9366,5
E01002780,20.939,5
E01004409,20.942,5
E01001914,20.9473,5
E01000874,20.9521,5
E01002712,20.9537,5
E01004264,20.9904,5
E01004137,21.0196,5
E01003629,21.0264,5
E01000050,21.0337,5
E01003043,21.0617,5
E01004548,21.064,5
E01004728,21.0779,5
E01004705,21.1161,5
E01002786,21.1198,5
E01003119,21.1256,5
E01004649,21.1282,5
E01000931,21.1599,5
E01033493,21.1818,5
E01004738,21.1867,5
E01002126,21.1885,5
E01003355,21.1891,5
E01001953,21.1895,5
E01001744,21.212,5
E01004033,21.2286,5
E01001851,21.2321,5
E01003339,21.2696,5
E01002799,21.2797,5
E01001724,21.2819,5
E01003135,21.2983,5
E01003118,21.3438,5
E01001912,21.3633,5
E01033606,21.3748,5
E01002002,21.3931,5
E01001747,21.3979,5
E01004530,21.398,5
E01004485,21.4073,5
E01002739,21.4448,5
E01004205,21.4467,5
E01003520,21.4721,5
E01000633,21.4737,5
E01004481,21.4783,5
E01001881,21.4826,5
E01001808,21.504,5
E01003973,21.5075,5
E01004514,21.5077,5
E01000921,21.5215,5
E01001240,21.5512,5
E01004675,21.5523,5
E01001794,21.5576,5
E01000675,21.5718,5
E01001884,21.6146,5
E01002874,21.6216,5
E01033602,21.6341,5
E01004336,21.6383,5
E01001978,21.689,5
E01004066,21.6892,5
E01003503,21.701,5
E01003183,21.7182,5
E01004743,21.7437,5
E01033569,21.7654,5
E01003532,21.776,5
E01000552,21.8576,5
E01001770,21.8938,5
E01004544,21.9132,5
E01004678,21.9453,5
E01002825,21.9778,5
E01003631,21.9781,5
E01000524,21.9883,5
E01003632,22.0292,5
E01004529,22.0307,5
E01033455,22.044,5
E01001896,22.0606,5
E01003125,22.063,5
E01003920,22.0781,5
E01004510,22.0902,5
E01003023,22.1114,5
E01002713,22.1475,5
E01033494,22.1631,5
E01003164,22.1716,5
E01000974,22.2226,5
E01001732,22.2487,5
E01000640,22.2766,5
E01004142,22.2891,5
E01033485,22.2896,5
E01002893,22.2999,5
E01001920,22.3141,5
E01001749,22.335,5
E01003861,22.3459,5
E01001878,22.3522,5
E01004651,22.3532,5
E01004270,22.3651,5
E01004207,22.4193,5
E01001838,22.4443,5
E01003913,22.4456,5
E01001769,22.4869,5
E01002754,22.5348,5
E01002833,22.5357,5
E01001779,22.5411,5
E01004326,22.5587,5
E01001777,22.5743,5
E01004338,22.6174,5
E01004438,22.6458,5
E01002803,22.7029,5
E01002889,22.7235,5
E01002812,22.7305,5
E01003324,22.7409,5
E01002775,22.7456,5
E01000950,22.7486,5
E01004315,22.752,5
E01004365,22.7601,5
E01033100,22.7641,5
E01002866,22.7724,5
E01000144,22.7751,5
E01000635,22.7949,5
E01004063,22.8062,5
E01004746,22.8302,5
E01003384,22.831,5
E01004311,22.9089,5
E01004268,22.91,5
E01002702,22.9125,5
E01004656,22.9161,5
E01002726,23.0484,5
E01001763,23.0533,5
E01002718,23.0549,5
E01003131,23.0823,5
E01003181,23.1065,5
E01004031,23.1639,5
E01004710,23.1868,5
E01004266,23.1884,5
E01004440,23.1894,5
E01000556,23.2176,5
E01003924,23.2345,5
E01001868,23.2666,5
E01004702,23.2771,5
E01002826,23.2964,5
E01002816,23.3056,5
E01001866,23.3164,5
E01002875,23.3856,5
E01003117,23.3967,5
E01002129,23.4841,5
E01002774,23.5026,5
E01002778,23.5079,5
E01000952,23.6258,5
E01004010,23.6314,5
E01001921,23.6453,5
E01002051,23.67,5
E01003094,23.6905,5
E01003049,23.7304,5
E01002767,23.7416,5
E01003618,23.7498,5
E01003209,23.7629,5
E01003057,23.7658,5
E01000932,23.7694,5
E01000969,23.7966,5
E01002642,23.861,5
E01000586,23.8716,5
E01003728,23.8791,5
E01004506,23.8839,5
E01001235,23.9009,5
E01003105,23.9135,5
E01033704,23.9265,5
E01000968,23.94,5
E01003039,23.946,5
E01002736,24.0459,5
E01001875,24.0594,5
E01000965,24.0844,5
E01002762,24.1438,5
E01002707,24.179,5
E01003166,24.2048,5
E01002720,24.2242,5
E01001872,24.2408,5
E01000881,24.2436,5
E01000548,24.2498,5
E01003960,24.2621,5
E01001979,24.2878,5
E01003128,24.3069,5
E01004321,24.3076,5
E01003032,24.3328,5
E01003521,24.3423,5
E01001894,24.3581,5
E01002860,24.3592,5
E01002792,24.3709,5
E01002824,24.3994,5
E01004323,24.4845,5
E01003318,24.4942,5
E01004474,24.5361,5
E01000858,24.5816,5
E01033488,24.5994,5
E01000866,24.6349,5
E01003942,24.6374,5
E01004235,24.6648,5
E01002776,24.6776,5
E01002710,24.7201,5
E01004602,24.7231,5
E01004376,24.735,5
E01004613,24.7667,5
E01001856,24.7859,5
E01003358,24.7928,5
E01032766,24.8132,5
E01002777,24.8684,5
E01001952,24.9038,5
E01002814,24.9257,5
E01004745,24.9985,5
E01002796,25.0273,6a
E01004696,25.0493,6a
E01003124,25.0903,6a
E01003873,25.0926,6a
E01001110,25.0978,6a
E01003090,25.1209,6a
E01000973,25.1291,6a
E01002356,25.1395,6a
E01003278,25.1641,6a
E01032805,25.1657,6a
E01033489,25.1999,6a
E01002832,25.2146,6a
E01003035,25.2368,6a
E01001756,25.2459,6a
E01001735,25.2754,6a
E01004654,25.3026,6a
E01003104,25.3276,6a
E01000963,25.3325,6a
E01004527,25.3565,6a
E01001629,25.3572,6a
E01001831,25.3761,6a
E01002910,25.3912,6a
E01004545,25.4759,6a
E01004200,25.498,6a
E01002081,25.5211,6a
E01033491,25.5521,6a
E01003922,25.5713,6a
E01004322,25.586,6a
E01033709,25.6367,6a
E01000550,25.6472,6a
E01000676,25.6654,6a
E01004261,25.7325,6a
E01002729,25.7346,6a
E01003288,25.7763,6a
E01001871,25.8002,6a
E01002717,25.801,6a
E01002773,25.8069,6a
E01003783,25.8279,6a
E01000972,25.8438,6a
E01000930,25.8746,6a
E01002887,25.9293,6a
E01001839,25.961,6a
E01004008,25.9975,6a
E01002896,26.1004,6a
E01003137,26.1083,6a
E01002891,26.1283,6a
E01003940,26.1748,6a
E01004406,26.1845,6a
E01033731,26.1975,6a
E01033486,26.1993,6a
E01004230,26.206,6a
E01003876,26.2105,6a
E01002968,26.2469,6a
E01003108,26.2586,6a
E01002003,26.4339,6a
E01002350,26.4487,6a
E01002858,26.4515,6a
E01001748,26.482,6a
E01002790,26.4964,6a
E01002819,26.5018,6a
E01002696,26.5283,6a
E01002727,26.5374,6a
E01033699,26.5393,6a
E01001759,26.6323,6a
E01002065,26.6891,6a
E01001813,26.6903,6a
E01004667,26.6961,6a
E01000904,26.6982,6a
E01003936,26.7101,6a
E01003053,26.723,6a
E01004306,26.7316,6a
E01002751,26.7369,6a
E01002072,26.7581,6a
E01002069,26.7733,6a
E01003130,26.8081,6a
E01004397,26.8678,6a
E01002848,26.8684,6a
E01003207,26.8932,6a
E01003400,26.9117,6a
E01002716,26.9734,6a
E01002731,26.9743,6a
E01004316,26.9839,6a
E01004231,27.0337,6a
E01000953,27.0376,6a
E01033703,27.0609,6a
E01033737,27.0854,6a
E01000933,27.1072,6a
E01003338,27.1259,6a
E01000962,27.192,6a
E01003689,27.2206,6a
E01002033,27.2757,6a
E01003054,27.2896,6a
E01000937,27.3237,6a
E01004229,27.3874,6a
E01002817,27.4434,6a
E01000936,27.4857,6a
E01002892,27.4921,6a
E01002029,27.5366,6a
E01003401,27.5521,6a
E01003107,27.6472,6a
E01032741,27.6841,6a
E01003299,27.7279,6a
E01001715,27.7526,6a
E01000927,27.7773,6a
E01004062,27.7935,6a
E01001221,27.8382,6a
E01002861,27.8751,6a
E01003383,27.9403,6a
E01001695,27.9598,6a
E01002871,27.9756,6a
E01004211,28.0163,6a
E01002898,28.0562,6a
E01004208,28.0666,6a
E01003120,28.096,6a
E01002706,28.0982,6a
E01002793,28.1283,6a
E01003998,28.1474,6a
E01004742,28.1476,6a
E01003099,28.1558,6a
E01002837,28.2299,6a
E01000961,28.2309,6a
E01002836,28.277,6a
E01003100,28.2801,6a
E01000003,28.4376,6a
E01001757,28.4677,6a
E01001900,28.5121,6a
E01003153,28.5328,6a
E01003127,28.5337,6a
E01033605,28.5615,6a
E01004197,28.5795,6a
E01033700,28.633,6a
E01001731,28.6355,6a
E01003456,28.6502,6a
E01003110,28.6578,6a
E01002801,28.6592,6a
E01033084,28.6822,6a
E01033207,28.7432,6a
E01004443,28.7522,6a
E01003093,28.7686,6a
E01000146,28.7964,6a
E01000883,28.8434,6a
E01002719,28.8548,6a
E01004608,28.9292,6a
E01002815,28.9313,6a
E01002794,28.9762,6a
E01001225,29.0132,6a
E01003402,29.036,6a
E01002098,29.0551,6a
E01002813,29.0666,6a
E01002882,29.1193,6a
E01002763,29.1324,6a
E01000944,29.1623,6a
E01000011,29.1845,6a
E01033341,29.2367,6a
E01002772,29.237,6a
E01003340,29.269,6a
E01000007,29.294,6a
E01002695,29.3047,6a
E01004526,29.3074,6a
E01002839,29.3596,6a
E01004616,29.3942,6a
E01002066,29.5022,6a
E01001853,29.5049,6a
E01003041,29.5739,6a
E01004609,29.5739,6a
E01002795,29.6872,6a
E01004259,29.6947,6a
E01001762,29.7492,6a
E01001869,29.7988,6a
E01002859,29.8202,6a
E01004737,29.8782,6a
E01002770,29.8924,6a
E01002818,29.9052,6a
E01001042,30.0496,6a
E01003126,30.2019,6a
E01002902,30.2691,6a
E01002862,30.2827,6a
E01004411,30.3284,6a
E01004309,30.3676,6a
E01002863,30.4209,6a
E01033490,30.4675,6a
E01004199,30.4677,6a
E01033711,30.612,6a
E01003303,30.6589,6a
E01004269,30.881,6a
E01001780,30.9007,6a
E01002105,30.9374,6a
E01002834,30.9483,6a
E01002740,30.9598,6a
E01002701,31.0082,6a
E01000964,31.0402,6a
E01004652,31.137,6a
E01004232,31.1723,6a
E01004691,31.268,6a
E01001012,31.273,6a
E01002894,31.2978,6a
E01001761,31.3313,6a
E01000951,31.3338,6a
E01002914,31.4245,6a
E01003176,31.4537,6a
E01000010,31.4777,6a
E01001758,31.5163,6a
E01001867,31.5954,6a
E01002071,31.6226,6a
E01000959,31.6984,6a
E01004198,31.7272,6a
E01004325,31.7335,6a
E01002886,31.7617,6a
E01003994,31.9016,6a
E01002730,31.9037,6a
E01001852,31.9206,6a
E01032787,31.9737,6a
E01002838,31.995,6a
E01003060,31.9991,6a
E01002851,32.1169,6a
E01004698,32.2025,6a
E01033083,32.2359,6a
E01033706,32.268,6a
E01004203,32.3185,6a
E01002820,32.3727,6a
E01002026,32.4148,6a
E01004699,32.4762,6a
E01000979,32.5504,6a
E01002732,32.5556,6a
E01004525,32.5907,6a
E01002791,32.6013,6a
E01001716,32.602,6a
E01003020,32.6984,6a
E01000954,32.6998,6a
E01003101,32.7824,6a
E01002835,32.8393,6a
E01002847,32.8575,6a
E01001899,32.8673,6a
E01003050,33.0074,6a
E01001893,33.0286,6a
E01003921,33.0607,6a
E01004695,33.1086,6a
E01003109,33.1624,6a
E01002085,33.1813,6a
E01001734,33.1846,6a
E01002748,33.1907,6a
E01004747,33.3472,6a
E01004206,33.3764,6a
E01002747,33.5086,6a
E01004741,33.5541,6a
E01002846,33.5589,6a
E01003061,33.7089,6a
E01004585,33.7408,6a
E01004693,33.7699,6a
E01000947,33.8868,6a
E01002828,33.9276,6a
E01003055,34.0434,6a
E01002850,34.0563,6a
E01002873,34.0598,6a
E01004694,34.5134,6a
E01033327,34.7399,6a
E01004212,34.8038,6a
E01003215,34.8125,6a
E01002849,34.8418,6a
E01002827,34.9481,6a
E01002724,34.9699,6a
E01000960,35.2256,6a
E01001941,35.3263,6a
E01002821,35.3386,6a
E01032767,35.3486,6a
E01002823,35.3892,6a
E01003619,35.4164,6a
E01000867,35.436,6a
E01000009,35.4472,6a
E01004209,35.5574,6a
E01002883,35.6805,6a
E01004586,35.7337,6a
E01001013,35.7597,6a
E01004541,35.9512,6a
E01003296,36.0165,6a
E01003014,36.0168,6a
E01032722,36.1342,6a
E01001050,36.1819,6a
E01000920,36.6937,6a
E01001696,36.7148,6a
E01004067,36.7622,6a
E01002885,36.8969,6a
E01002735,36.9338,6a
E01002822,36.987,6a
E01001854,37.1655,6a
E01033735,37.2331,6a
E01002031,37.4794,6a
E01003201,37.5662,6a
E01000955,37.6421,6a
E01001760,37.7964,6a
E01003927,37.8888,6a
E01004681,37.9981,6a
E01004732,38.121,6a
E01002884,38.1883,6a
E01004666,38.7215,6a
E01004687,38.793,6a
E01001718,38.8203,6a
E01033593,38.9522,6a
E01004553,39.0327,6a
E01004751,39.0484,6a
E01003995,39.1911,6a
E01003047,39.5608,6a
E01004697,39.6627,6a
E01003102,39.781,6a
E01002697,39.9106,6a
E01033208,39.9661,6a
E01004716,40.2859,6b
E01001943,40.3053,6b
E01000861,40.5352,6b
E01004733,40.6541,6b
E01000856,40.8072,6b
E01004700,41.2016,6b
E01002869,41.2543,6b
E01000863,41.3741,6b
E01004535,41.5011,6b
E01001898,41.697,6b
E01003934,41.8531,6b
E01004713,42.0927,6b
E01004537,42.1991,6b
E01033604,42.2596,6b
E01001857,42.7172,6b
E01000975,43.1028,6b
E01000945,43.1602,6b
E01004740,43.7456,6b
E01004717,44.1916,6b
E01004659,44.2956,6b
E01000940,44.3533,6b
E01032646,44.3881,6b
E01003935,44.548,6b
E01032803,45.4971,6b
E01003933,45.5824,6b
E01000917,45.7146,6b
E01002734,45.9222,6b
E01033594,46.0476,6b
E01002704,46.1458,6b
E01000916,46.6346,6b
E01000853,47.0134,6b
E01000851,47.0318,6b
E01004683,47.0663,6b
E01004680,47.1147,6b
E01004761,47.4026,6b
E01004715,47.8491,6b
E01001043,47.9921,6b
E01004027,48.1031,6b
E01033603,48.2892,6b
E01004731,48.3594,6b
E01002728,48.8775,6b
E01004684,48.9467,6b
E01004663,49.0699,6b
E01004762,49.1007,6b
E01003938,49.1028,6b
E01000915,49.2463,6b
E01004686,49.4047,6b
E01004508,49.5548,6b
E01003617,49.589,6b
E01004744,49.7354,6b
E01032639,49.8828,6b
E01004736,50.3309,6b
E01033708,50.5127,6b
E01000002,50.5712,6b
E01032720,50.6031,6b
E01003937,50.8392,6b
E01004682,50.9395,6b
E01000001,51.1698,6b
E01004712,52.3243,6b
E01004749,52.3823,6b
E01000941,52.558,6b
E01004536,52.5783,6b
E01001045,52.613,6b
E01001048,53.2339,6b
E01004661,53.2546,6b
E01004552,53.4594,6b
E01004658,53.6568,6b
E01004662,53.8454,6b
E01004588,54.0576,6b
E01004714,54.8776,6b
E01032740,55.0954,6b
E01000914,55.3905,6b
E01004657,56.0691,6b
E01004307,56.2703,6b
E01003930,56.4637,6b
E01000855,56.5184,6b
E01032719,56.7511,6b
E01000850,57.5672,6b
E01003943,57.6849,6b
E01000852,58.3529,6b
E01000943,58.4362,6b
E01000938,58.5881,6b
E01000854,59.0497,6b
E01004660,59.503,6b
E01000956,60.2755,6b
E01003013,60.5209,6b
E01002711,61.229,6b
E01003932,63.0874,6b
E01004763,63.1133,6b
E01004750,63.2894,6b
E01032583,63.3342,6b
E01004551,64.3277,6b
E01004310,64.7593,6b
E01004765,65.1521,6b
E01000939,65.4775,6b
E01003939,66.2431,6b
E01003929,67.4429,6b
E01004748,67.6181,6b
E01004690,67.646,6b
E01033595,68.9805,6b
E01033596,69.308,6b
E01000919,70.5953,6b
E01003981,70.8367,6b
E01000005,71.3226,6b
E01000942,71.5939,6b
E01032584,74.4029,6b
E01000918,74.4784,6b
E01004734,80.1373,6b
E01004735,81.2678,6b
E01032739,82.3987,6b
E01003017,83.1479,6b
E01003016,88.0465,6b
E01032582,89.8848,6b
